Team,Opponent,Year,Date,W/L,W%,SRS,EXP,PTS,REB,AST,STL,BLK,TOV,TS%,3P%
Alabama,Texas A&M-Corpus Christi,2023,2023-03-16,1,0.147,25.76,-0.24,-1.6,5.6,-2.6,-0.9,1.9,1.2,-0.046,-0.041
Alabama,Maryland,2023,2023-03-18,1,0.217,8.61,-0.18,8.5,8.7,4.4,3.1,3.2,-1.5,-0.020,-0.017
Alabama,San Diego State,2023,2023-03-24,0,0.040,7.38,-0.50,7.7,8.6,4.6,2.3,3.5,-0.5,-0.012,-0.007
Arizona,Princeton,2023,2023-03-16,0,0.099,14.32,0.02,4.5,4.5,5.2,1.3,1.2,-1.6,0.016,0.019
Arizona State,Texas Christian,2023,2023-03-17,0,0.021,-4.32,0.30,-2.3,0.6,0.1,0.2,-0.1,0.8,-0.014,0.023
Arkansas,Illinois,2023,2023-03-16,1,-0.019,1.18,0.33,0.3,1.1,1.4,1.1,1.5,-0.6,0.010,-0.009
Arkansas,Kansas,2023,2023-03-18,1,-0.188,-3.21,0.07,-0.8,0.1,0.7,1.1,1.1,-0.3,0.000,-0.017
Arkansas,Connecticut,2023,2023-03-23,0,-0.152,-6.96,0.02,-0.3,4.5,3.7,2.8,3.1,-0.8,-0.003,-0.018
Auburn,Iowa,2023,2023-03-16,1,0.031,0.27,0.50,-7.2,-2.8,-3.7,-2.5,-2.7,-1.3,-0.038,-0.052
Auburn,Houston,2023,2023-03-18,0,-0.287,-7.85,0.42,4.1,7.4,7.1,6.3,6.4,-0.8,0.005,-0.008
Baylor,California Santa Barbara,2023,2023-03-17,1,-0.107,14.00,0.21,4.8,4.1,3.5,3.0,2.3,-1.0,0.004,0.000
Baylor,Creighton,2023,2023-03-19,0,0.051,-0.53,0.70,1.3,1.3,2.1,1.3,0.8,-2.2,0.024,0.002
Boise State,Northwestern,2023,2023-03-16,0,0.071,-0.90,0.02,3.1,1.2,-0.2,1.2,0.7,0.3,0.014,0.007
California Santa Barbara,Baylor,2023,2023-03-17,0,0.107,-14.00,-0.21,-4.8,-2.2,-2.8,-2.1,-2.4,1.0,-0.004,0.000
Colgate,Texas,2023,2023-03-16,0,0.000,-18.36,0.42,0.8,0.4,4.3,1.4,0.6,2.4,0.023,0.046
College of Charleston,San Diego State,2023,2023-03-16,0,0.099,-7.41,-0.59,6.3,5.9,3.4,2.5,1.9,-0.6,0.007,0.003
Connecticut,Iona,2023,2023-03-17,1,-0.037,15.34,-0.35,0.5,1.5,1.9,-0.3,0.3,-0.3,0.011,0.000
Connecticut,Saint Mary's (CA),2023,2023-03-19,1,-0.030,5.54,0.01,5.9,7.3,6.8,2.8,2.6,-1.2,0.005,-0.018
Connecticut,Arkansas,2023,2023-03-23,1,0.152,6.96,-0.02,0.3,1.2,1.6,-2.1,-0.9,0.8,0.003,0.018
Connecticut,Gonzaga,2023,2023-03-25,1,-0.091,3.96,-0.44,-8.4,-0.8,-2.1,-4.1,-3.4,-0.8,-0.036,-0.034
Connecticut,Miami (FL),2023,2023-04-01,1,-0.024,8.97,-0.19,-4.2,-0.3,-2.5,-3.7,-3.2,-0.9,-0.025,-0.022
Connecticut,San Diego State,2023,2023-04-03,1,-0.055,7.14,-0.81,4.0,3.8,3.8,0.3,1.3,-0.5,0.014,0.014
Creighton,North Carolina State,2023,2023-03-17,1,-0.061,5.33,-0.65,-1.8,-0.1,0.9,-1.2,-0.5,0.7,-0.004,0.014
Creighton,Baylor,2023,2023-03-19,1,-0.051,0.53,-0.70,-1.3,1.6,-0.7,-1.5,-0.4,2.2,-0.024,-0.002
Creighton,Princeton,2023,2023-03-24,1,-0.088,13.07,-0.38,0.4,2.0,2.3,-0.6,0.4,0.6,0.004,0.013
Creighton,San Diego State,2023,2023-03-26,0,-0.176,2.02,-0.97,5.1,4.9,5.0,1.9,3.0,1.6,0.015,0.029
Drake,Miami (FL),2023,2023-03-17,0,0.013,-6.14,0.42,-6.2,-2.2,-4.5,-4.3,-4.4,0.6,-0.028,-0.013
Duke,Oral Roberts,2023,2023-03-16,1,-0.118,7.28,-0.95,-9.0,-2.3,-2.0,-3.1,-2.4,-0.4,-0.025,-0.036
Duke,Tennessee,2023,2023-03-18,0,0.068,-5.01,-0.53,3.5,6.3,5.2,2.4,3.7,1.9,0.018,0.023
Fairleigh Dickinson,Purdue,2023,2023-03-17,1,-0.282,-27.21,0.41,8.1,9.0,7.0,6.7,5.3,-2.9,0.035,0.030
Fairleigh Dickinson,Florida Atlantic,2023,2023-03-19,0,-0.340,-22.90,0.34,4.3,5.2,7.7,5.6,4.3,-1.4,0.029,0.003
Florida Atlantic,Memphis,2023,2023-03-17,1,0.147,-0.58,-1.15,-4.1,-1.5,-2.8,-3.6,-4.0,2.2,-0.007,0.014
Florida Atlantic,Fairleigh Dickinson,2023,2023-03-19,1,0.340,22.90,-0.34,-4.3,-2.0,-4.7,-4.1,-5.1,1.4,-0.029,-0.003
Florida Atlantic,Tennessee,2023,2023-03-23,1,0.215,-6.92,-0.43,7.2,7.2,6.0,3.7,3.6,1.3,0.031,0.048
Florida Atlantic,Kansas State,2023,2023-03-25,1,0.193,-1.87,-0.97,-1.5,0.2,-2.0,-2.7,-3.0,2.4,-0.008,0.019
Florida Atlantic,San Diego State,2023,2023-04-01,0,0.099,-1.89,-0.82,4.2,4.2,2.8,1.1,0.7,0.2,0.013,0.029
Furman,Virginia,2023,2023-03-16,1,0.013,-8.39,-0.31,11.9,6.9,8.0,6.3,5.1,-1.7,0.032,-0.009
Furman,San Diego State,2023,2023-03-18,0,-0.018,-10.92,-0.36,8.7,5.3,6.9,4.1,4.0,0.2,0.042,0.021
Gonzaga,Grand Canyon,2023,2023-03-17,1,0.163,14.56,0.06,8.5,4.9,6.0,3.9,3.4,-0.6,0.035,0.014
Gonzaga,Texas Christian,2023,2023-03-19,1,0.212,3.38,0.22,7.9,3.7,3.8,3.0,2.0,1.7,0.047,0.055
Gonzaga,UCLA,2023,2023-03-23,1,-0.004,-3.12,0.46,12.4,8.8,8.9,7.7,6.7,0.9,0.051,0.034
Gonzaga,Connecticut,2023,2023-03-25,0,0.091,-3.96,0.44,8.4,8.2,8.2,5.0,5.0,0.8,0.036,0.034
Grand Canyon,Gonzaga,2023,2023-03-17,0,-0.163,-14.56,-0.06,-8.5,-0.5,-3.0,-3.2,-2.7,0.6,-0.035,-0.014
Houston,Northern Kentucky,2023,2023-03-16,1,0.265,23.03,0.25,0.5,-0.4,-2.6,-1.9,-1.8,1.7,-0.019,-0.043
Houston,Auburn,2023,2023-03-18,1,0.287,7.85,-0.42,-4.1,-3.5,-3.4,-4.7,-4.4,0.8,-0.005,0.008
Houston,Miami (FL),2023,2023-03-24,0,0.131,8.22,0.08,-9.3,-3.8,-7.2,-6.2,-6.5,0.0,-0.047,-0.042
Howard,Kansas,2023,2023-03-16,0,-0.147,-24.24,0.11,2.2,2.7,4.1,2.8,2.4,-2.6,0.018,0.029
Illinois,Arkansas,2023,2023-03-16,0,0.019,-1.18,-0.33,-0.3,2.1,0.6,-0.3,1.0,0.6,-0.010,0.009
Indiana,Kent State,2023,2023-03-17,1,-0.157,7.41,-0.20,0.7,1.8,3.4,1.6,2.5,2.2,0.004,0.028
Indiana,Miami (FL),2023,2023-03-19,0,-0.115,0.96,0.21,-3.8,0.2,-1.3,-1.7,-0.8,0.5,-0.026,-0.001
Iona,Connecticut,2023,2023-03-17,0,0.037,-15.34,0.35,-0.5,3.5,3.6,1.2,2.2,0.3,-0.011,0.000
Iowa,Auburn,2023,2023-03-16,0,-0.031,-0.27,-0.50,7.2,4.0,6.1,3.3,3.5,1.3,0.038,0.052
Iowa State,Pittsburgh,2023,2023-03-17,0,-0.083,4.77,0.17,-7.3,-4.0,-3.3,-1.7,-3.8,-3.5,-0.007,-0.010
Kansas,Howard,2023,2023-03-16,1,0.147,24.24,-0.11,-2.2,-1.0,-0.1,-2.3,-1.8,2.6,-0.018,-0.029
Kansas,Arkansas,2023,2023-03-18,0,0.188,3.21,-0.07,0.8,1.6,3.0,1.1,0.6,0.3,0.000,0.017
Kansas State,Montana State,2023,2023-03-17,1,-0.017,13.61,0.84,2.7,3.5,5.4,2.7,1.9,-1.6,-0.013,-0.012
Kansas State,Kentucky,2023,2023-03-19,1,0.063,1.03,0.63,1.9,3.3,3.7,2.1,1.4,-3.0,0.010,-0.010
Kansas State,Michigan State,2023,2023-03-23,1,0.106,1.54,0.63,3.7,2.0,3.0,2.2,0.7,-4.1,0.008,-0.033
Kansas State,Florida Atlantic,2023,2023-03-25,0,-0.193,1.87,0.97,1.5,3.1,6.7,3.4,2.6,-2.4,0.008,-0.019
Kennesaw State,Xavier,2023,2023-03-17,0,0.029,-15.43,0.19,-5.5,-1.1,-2.7,-2.1,-3.2,-1.3,-0.012,-0.026
Kent State,Indiana,2023,2023-03-17,0,0.157,-7.41,0.20,-0.7,-0.7,-1.1,-0.3,-1.1,-2.2,-0.004,-0.028
Kentucky,Providence,2023,2023-03-17,1,0.000,1.87,0.14,-3.0,1.9,-0.4,-1.4,-1.7,0.3,-0.009,-0.006
Kentucky,Kansas State,2023,2023-03-19,0,-0.063,-1.03,-0.63,-1.9,1.7,-0.4,-1.5,-1.2,3.0,-0.010,0.010
Louisiana Lafayette,Tennessee,2023,2023-03-16,0,0.091,-16.57,0.18,9.1,8.1,8.1,6.1,5.9,1.0,0.046,0.059
Marquette,Vermont,2023,2023-03-17,1,0.127,15.44,-0.69,5.0,1.4,4.7,3.8,1.9,-2.9,0.003,-0.008
Marquette,Michigan State,2023,2023-03-19,0,0.211,2.82,-0.64,5.4,0.8,3.3,3.0,1.0,-2.9,0.027,-0.009
Maryland,West Virginia,2023,2023-03-16,1,0.061,-1.37,0.09,-6.9,-2.5,-4.2,-4.3,-3.1,2.5,-0.026,-0.020
Maryland,Alabama,2023,2023-03-18,0,-0.217,-8.61,0.18,-8.5,-4.3,-1.6,-3.3,-2.5,1.5,0.020,0.017
Memphis,Florida Atlantic,2023,2023-03-17,0,-0.147,0.58,1.15,4.1,4.7,7.0,4.7,4.4,-2.2,0.007,-0.014
Miami (FL),Drake,2023,2023-03-17,1,-0.013,6.14,-0.42,6.2,5.0,6.2,5.0,4.4,-0.6,0.028,0.013
Miami (FL),Indiana,2023,2023-03-19,1,0.115,-0.96,-0.21,3.8,1.8,3.0,2.0,1.6,-0.5,0.026,0.001
Miami (FL),Houston,2023,2023-03-24,1,-0.131,-8.22,-0.08,9.3,8.7,9.4,8.2,7.5,0.0,0.047,0.042
Miami (FL),Texas,2023,2023-03-26,1,0.017,-6.58,-0.08,2.6,2.2,3.8,2.8,2.0,1.9,0.015,0.016
Miami (FL),Connecticut,2023,2023-04-01,0,0.024,-8.97,0.19,4.2,6.2,6.6,4.3,4.1,0.9,0.025,0.022
Michigan State,Southern California,2023,2023-03-17,1,-0.075,1.19,0.41,-0.5,0.2,1.0,-0.8,0.3,2.0,0.012,0.019
Michigan State,Marquette,2023,2023-03-19,1,-0.211,-2.82,0.64,-5.4,-1.0,-1.3,-1.7,-1.3,2.9,-0.027,0.009
Michigan State,Kansas State,2023,2023-03-23,0,-0.106,-1.54,-0.63,-3.7,-0.1,-0.6,-2.3,-1.5,4.1,-0.008,0.033
Missouri,Utah State,2023,2023-03-16,1,-0.037,-2.82,0.05,2.6,1.6,4.3,4.6,2.4,-2.4,0.012,-0.012
Missouri,Princeton,2023,2023-03-18,0,0.003,6.65,0.67,4.7,1.6,5.4,5.0,2.7,-2.8,0.040,0.023
Montana State,Kansas State,2023,2023-03-17,0,0.017,-13.61,-0.84,-2.7,-2.0,-2.1,-1.9,-2.0,1.6,0.013,0.012
North Carolina Asheville,UCLA,2023,2023-03-16,0,-0.059,-23.85,0.65,4.3,5.4,5.0,5.1,4.8,-0.6,0.023,0.013
North Carolina State,Creighton,2023,2023-03-17,0,0.061,-5.33,0.65,1.8,2.9,1.6,2.1,2.1,-0.7,0.004,-0.014
Northern Kentucky,Houston,2023,2023-03-16,0,-0.265,-23.03,-0.25,-0.5,3.4,4.6,5.0,3.0,-1.7,0.019,0.043
Northwestern,Boise State,2023,2023-03-16,1,-0.071,0.90,-0.02,-3.1,0.3,0.1,0.5,-0.5,-0.3,-0.014,-0.007
Northwestern,UCLA,2023,2023-03-18,0,-0.197,-8.43,0.46,-2.2,2.1,1.8,2.7,1.7,1.1,-0.006,0.000
Oral Roberts,Duke,2023,2023-03-16,0,0.118,-7.28,0.95,9.0,6.3,5.0,3.7,4.2,0.4,0.025,0.036
Penn State,Texas A&M,2023,2023-03-16,1,-0.107,-0.72,0.09,0.5,1.1,1.1,-0.5,-0.1,4.4,0.013,0.029
Penn State,Texas,2023,2023-03-18,0,-0.136,-7.52,0.29,-2.7,-0.7,1.5,-0.5,-0.4,4.9,0.002,0.022
Pittsburgh,Iowa State,2023,2023-03-17,1,0.083,-4.77,-0.17,7.3,6.4,4.7,2.7,4.2,3.5,0.007,0.010
Pittsburgh,Xavier,2023,2023-03-19,0,-0.059,-5.44,0.23,-5.1,-0.3,-2.5,-3.2,-2.1,0.9,-0.015,-0.031
Princeton,Arizona,2023,2023-03-16,1,-0.099,-14.32,-0.02,-4.5,1.6,-0.9,-2.8,-1.4,1.6,-0.016,-0.019
Princeton,Missouri,2023,2023-03-18,1,-0.003,-6.65,-0.67,-4.7,-2.2,-3.6,-3.6,-2.5,2.8,-0.040,-0.023
Princeton,Creighton,2023,2023-03-24,0,0.088,-13.07,0.38,-0.4,3.0,0.8,-0.5,0.3,-0.6,-0.004,-0.013
Providence,Kentucky,2023,2023-03-17,0,0.000,-1.87,-0.14,3.0,5.6,3.1,2.0,2.8,-0.3,0.009,0.006
Purdue,Fairleigh Dickinson,2023,2023-03-17,0,0.282,27.21,-0.41,-8.1,-3.4,-5.5,-6.3,-5.9,2.9,-0.035,-0.030
Saint Mary's (CA),Virginia Commonwealth,2023,2023-03-17,1,-0.006,7.52,-0.16,-1.5,-0.3,-1.0,-1.3,-1.4,3.3,-0.001,0.015
Saint Mary's (CA),Connecticut,2023,2023-03-19,0,0.030,-5.54,-0.01,-5.9,0.6,-0.4,-1.9,-1.6,1.2,-0.005,0.018
San Diego State,College of Charleston,2023,2023-03-16,1,-0.099,7.41,0.59,-6.3,-0.7,-1.3,-1.3,-1.8,0.6,-0.007,-0.003
San Diego State,Furman,2023,2023-03-18,1,0.018,10.92,0.36,-8.7,-2.4,-3.2,-3.4,-3.3,-0.2,-0.042,-0.021
San Diego State,Alabama,2023,2023-03-24,1,-0.040,-7.38,0.50,-7.7,-3.0,-0.8,-2.7,-2.3,0.5,0.012,0.007
San Diego State,Creighton,2023,2023-03-26,1,0.176,-2.02,0.97,-5.1,-0.9,-2.0,-2.1,-1.9,-1.6,-0.015,-0.029
San Diego State,Florida Atlantic,2023,2023-04-01,1,-0.099,1.89,0.82,-4.2,0.8,1.5,-0.4,-0.1,-0.2,-0.013,-0.029
San Diego State,Connecticut,2023,2023-04-03,0,0.055,-7.14,0.81,-4.0,2.8,1.6,-0.2,0.3,0.5,-0.014,-0.014
Southern California,Michigan State,2023,2023-03-17,0,0.075,-1.19,-0.41,0.5,1.1,0.0,0.4,0.6,-2.0,-0.012,-0.019
Tennessee,Louisiana Lafayette,2023,2023-03-16,1,-0.091,16.57,-0.18,-9.1,-1.8,-2.8,-5.0,-5.6,-1.0,-0.046,-0.059
Tennessee,Duke,2023,2023-03-18,1,-0.068,5.01,0.53,-3.5,0.9,-0.2,-1.8,-2.9,-1.9,-0.018,-0.023
Tennessee,Florida Atlantic,2023,2023-03-23,0,-0.215,6.92,0.43,-7.2,-1.0,0.5,-2.5,-3.1,-1.3,-0.031,-0.048
Texas,Colgate,2023,2023-03-16,1,0.000,18.36,-0.42,-0.8,0.6,0.1,0.2,-0.5,-2.4,-0.023,-0.046
Texas,Penn State,2023,2023-03-18,1,0.136,7.52,-0.29,2.7,-0.6,0.9,1.4,0.2,-4.9,-0.002,-0.022
Texas,Xavier,2023,2023-03-24,1,0.029,4.53,-0.10,-4.6,-2.2,-2.3,-2.7,-3.3,-1.6,-0.011,-0.039
Texas,Miami (FL),2023,2023-03-26,0,-0.017,6.58,0.08,-2.6,-1.1,-1.3,-1.1,-2.0,-1.9,-0.015,-0.016
Texas A&M,Penn State,2023,2023-03-16,0,0.107,0.72,-0.09,-0.5,0.1,-1.6,0.1,-1.1,-4.4,-0.013,-0.029
Texas A&M-Corpus Christi,Alabama,2023,2023-03-16,0,-0.147,-25.76,0.24,1.6,2.4,5.2,3.1,1.4,-1.2,0.046,0.041
Texas Christian,Arizona State,2023,2023-03-17,1,-0.021,4.32,-0.30,2.3,-1.1,1.9,1.2,1.1,-0.8,0.014,-0.023
Texas Christian,Gonzaga,2023,2023-03-19,0,-0.212,-3.38,-0.22,-7.9,-0.4,-0.7,-1.1,-1.4,-1.7,-0.047,-0.055
UCLA,North Carolina Asheville,2023,2023-03-16,1,0.059,23.85,-0.65,-4.3,-3.7,-2.9,-3.5,-4.1,0.6,-0.023,-0.013
UCLA,Northwestern,2023,2023-03-18,1,0.197,8.43,-0.46,2.2,-1.0,-0.5,0.9,-0.8,-1.1,0.006,0.000
UCLA,Gonzaga,2023,2023-03-23,0,0.004,3.12,-0.46,-12.4,-4.5,-5.3,-4.8,-5.7,-0.9,-0.051,-0.034
Utah State,Missouri,2023,2023-03-16,0,0.037,2.82,-0.05,-2.6,-3.2,-1.2,-2.9,-1.8,2.4,-0.012,0.012
Vermont,Marquette,2023,2023-03-17,0,-0.127,-15.44,0.69,-5.0,-3.7,-2.2,-1.6,-1.9,2.9,-0.003,0.008
Virginia,Furman,2023,2023-03-16,0,-0.013,8.39,0.31,-11.9,-6.0,-3.3,-4.8,-4.6,1.7,-0.032,0.009
Virginia Commonwealth,Saint Mary's (CA),2023,2023-03-17,0,0.006,-7.52,0.16,1.5,3.7,3.9,3.5,1.9,-3.3,0.001,-0.015
West Virginia,Maryland,2023,2023-03-16,0,-0.061,1.37,-0.09,6.9,4.6,4.7,4.7,3.6,-2.5,0.026,0.020
Xavier,Kennesaw State,2023,2023-03-17,1,-0.029,15.43,-0.19,5.5,4.5,6.4,2.5,2.7,1.3,0.012,0.026
Xavier,Pittsburgh,2023,2023-03-19,1,0.059,5.44,-0.23,5.1,3.7,5.1,2.9,2.2,-0.9,0.015,0.031
Xavier,Texas,2023,2023-03-24,0,-0.029,-4.53,0.10,4.6,4.8,7.2,3.5,3.2,1.6,0.011,0.039
Akron,UCLA,2022,2022-03-17,0,-0.054,-18.39,-0.91,-3.4,-0.1,-0.9,-0.3,-1.0,-0.6,0.013,0.011
Alabama,Notre Dame,2022,2022-03-18,0,-0.103,2.75,-0.39,8.2,7.7,6.3,5.3,5.6,-3.6,0.001,-0.028
Alabama Birmingham,Houston,2022,2022-03-18,0,-0.059,-11.65,0.13,6.7,7.1,5.0,5.8,4.9,-1.0,0.020,0.038
Arizona,Wright State,2022,2022-03-18,1,0.283,24.69,-0.55,2.3,2.0,2.3,-2.2,-0.5,-0.5,-0.016,0.007
Arizona,Texas Christian,2022,2022-03-20,1,0.287,9.03,-0.36,9.3,7.0,4.9,1.4,2.7,0.4,0.019,0.035
Arizona,Houston,2022,2022-03-24,0,0.059,0.20,-0.40,9.3,9.4,9.1,5.1,6.4,-0.5,0.014,0.027
Arkansas,Vermont,2022,2022-03-17,1,-0.091,8.46,-0.47,4.3,8.1,5.7,5.2,4.5,-3.2,-0.023,-0.041
Arkansas,New Mexico State,2022,2022-03-19,1,-0.055,9.16,0.07,3.6,5.2,3.2,2.2,2.9,-0.5,0.001,-0.002
Arkansas,Gonzaga,2022,2022-03-24,1,-0.139,-9.19,0.56,-4.6,3.3,2.8,1.8,1.6,-1.7,-0.010,-0.024
Arkansas,Duke,2022,2022-03-26,0,-0.066,-3.28,0.50,-1.8,2.2,0.5,1.1,0.7,-3.0,-0.014,-0.029
Auburn,Jacksonville State,2022,2022-03-18,1,0.166,19.39,-0.05,2.4,3.8,0.8,1.1,2.7,-0.9,-0.031,-0.045
Auburn,Miami (FL),2022,2022-03-20,0,0.147,7.98,-0.35,0.5,0.9,-1.9,0.1,0.7,-1.6,-0.043,-0.028
Baylor,Norfolk State,2022,2022-03-17,1,0.013,25.64,-0.43,1.2,1.7,1.7,1.3,-0.1,-0.3,0.014,0.005
Baylor,North Carolina,2022,2022-03-19,0,0.094,6.23,-0.04,-4.1,-1.4,-2.1,-2.5,-3.7,-3.5,-0.001,-0.025
Boise State,Memphis,2022,2022-03-17,0,0.117,-2.74,0.77,-7.2,-2.7,-4.7,-5.3,-3.8,2.6,-0.005,-0.001
Cal State Fullerton,Duke,2022,2022-03-18,0,-0.146,-19.59,0.66,-5.7,-0.9,-1.7,0.0,-1.3,-2.5,0.000,0.010
Chattanooga,Illinois,2022,2022-03-18,0,0.084,-10.57,0.26,-1.5,0.1,-0.1,-1.1,-1.8,-0.2,0.011,-0.019
Colgate,Wisconsin,2022,2022-03-18,0,-0.098,-12.15,1.01,3.4,1.2,3.3,1.2,0.7,-1.1,0.026,0.054
Colorado State,Michigan,2022,2022-03-17,0,0.285,-2.75,0.36,-1.3,-1.0,-0.1,-1.2,-1.8,-0.5,0.016,0.011
Connecticut,New Mexico State,2022,2022-03-17,0,-0.094,9.29,-0.20,1.5,5.0,1.8,-0.1,2.5,1.0,-0.009,0.037
Creighton,San Diego State,2022,2022-03-17,1,-0.075,-1.79,-0.99,6.1,6.7,5.6,4.0,4.8,1.3,0.009,-0.015
Creighton,Kansas,2022,2022-03-19,0,-0.157,-10.94,-0.78,-4.9,2.1,0.3,-0.9,0.1,0.0,-0.024,-0.017
Davidson,Michigan State,2022,2022-03-18,0,0.171,-2.75,0.07,0.1,-0.9,-0.7,-2.4,-1.9,1.2,0.026,0.014
Delaware,Villanova,2022,2022-03-18,0,-0.141,-18.99,-0.21,4.6,3.7,4.4,4.8,3.9,-1.8,0.019,0.017
Duke,Cal State Fullerton,2022,2022-03-18,1,0.146,19.59,-0.66,5.7,3.6,2.3,0.8,1.8,2.5,0.000,-0.010
Duke,Michigan State,2022,2022-03-20,1,0.176,6.37,-0.23,3.3,2.0,1.2,-0.5,0.5,1.1,0.005,-0.004
Duke,Texas Tech,2022,2022-03-24,1,0.088,-0.53,-0.74,7.6,7.4,6.3,3.4,5.0,4.2,0.012,0.025
Duke,Arkansas,2022,2022-03-26,1,0.066,3.28,-0.50,1.8,1.3,1.8,-0.3,0.8,3.0,0.014,0.029
Duke,North Carolina,2022,2022-04-02,0,0.105,4.05,-0.05,-0.7,0.8,0.1,-1.8,-0.8,0.2,0.006,-0.005
Georgia State,Gonzaga,2022,2022-03-17,0,-0.254,-26.57,0.21,-8.5,1.8,1.4,1.1,0.5,-2.2,-0.028,0.011
Gonzaga,Georgia State,2022,2022-03-17,1,0.254,26.57,-0.21,8.5,3.0,2.8,0.4,1.4,2.2,0.028,-0.011
Gonzaga,Memphis,2022,2022-03-19,1,0.219,10.79,-0.04,5.0,3.6,1.4,-2.5,0.1,3.5,0.005,0.000
Gonzaga,Arkansas,2022,2022-03-24,0,0.139,9.19,-0.56,4.6,2.5,1.8,-1.1,0.1,1.7,0.010,0.024
Houston,Alabama Birmingham,2022,2022-03-18,1,0.059,11.65,-0.13,-6.7,-1.3,-1.4,-2.7,-3.2,1.0,-0.020,-0.038
Houston,Illinois,2022,2022-03-20,1,0.143,5.86,-0.05,-4.0,-1.2,-1.2,-3.5,-3.1,-1.2,-0.009,-0.027
Houston,Arizona,2022,2022-03-24,1,-0.059,-0.20,0.40,-9.3,-2.1,-2.5,-4.1,-3.5,0.5,-0.014,-0.027
Houston,Villanova,2022,2022-03-26,0,0.065,3.24,-0.46,-0.4,1.2,0.5,-0.3,-1.1,-1.8,-0.017,-0.021
Illinois,Chattanooga,2022,2022-03-18,1,-0.084,10.57,-0.26,1.5,5.1,3.7,1.2,1.2,0.2,-0.011,0.019
Illinois,Houston,2022,2022-03-20,0,-0.143,-5.86,0.05,4.0,7.5,6.4,3.9,4.6,1.2,0.009,0.027
Indiana,Saint Mary's (CA),2022,2022-03-17,0,-0.164,-2.11,0.09,3.3,6.1,5.9,2.6,3.7,-0.1,-0.008,-0.015
Iowa,Richmond,2022,2022-03-17,1,0.086,11.83,-0.82,7.5,2.3,3.1,2.4,2.0,-0.1,0.009,0.010
Iowa State,Louisiana State,2022,2022-03-18,1,-0.042,-5.07,1.18,-4.0,-1.6,1.2,0.2,-0.6,1.1,0.006,0.003
Iowa State,Wisconsin,2022,2022-03-20,1,-0.149,-0.75,0.92,-3.9,-3.0,-0.1,0.1,-1.9,-5.2,0.002,-0.014
Iowa State,Miami (FL),2022,2022-03-25,0,-0.072,1.16,0.18,-8.1,-5.5,-4.2,-2.3,-4.1,-3.5,-0.036,-0.040
Jacksonville State,Auburn,2022,2022-03-18,0,-0.166,-19.39,0.05,-2.4,0.1,1.6,-0.6,-0.5,0.9,0.031,0.045
Kansas,Texas Southern,2022,2022-03-17,1,0.211,25.58,-0.73,5.2,2.2,2.6,-0.3,1.5,1.1,0.031,0.021
Kansas,Creighton,2022,2022-03-19,1,0.157,10.94,0.78,4.9,1.5,2.5,0.2,0.8,0.0,0.024,0.017
Kansas,Providence,2022,2022-03-25,1,-0.010,9.20,-0.14,3.9,2.3,2.6,0.8,0.8,-1.5,0.013,0.008
Kansas,Miami (FL),2022,2022-03-27,1,0.127,11.06,-0.14,0.6,-0.3,-1.5,-1.0,-1.1,-0.7,-0.024,-0.013
Kansas,Villanova,2022,2022-04-02,1,0.036,2.97,-0.22,5.6,4.9,4.3,3.1,2.7,-1.6,-0.002,-0.004
Kansas,North Carolina,2022,2022-04-04,1,0.105,6.78,0.39,-1.8,0.6,-0.8,-2.2,-1.7,-1.7,-0.001,-0.018
Kentucky,Saint Peter's,2022,2022-03-17,0,0.155,17.94,-0.17,8.3,5.2,4.6,2.0,1.7,1.7,0.023,0.007
Longwood,Tennessee,2022,2022-03-17,0,0.025,-20.81,0.15,2.6,3.1,2.7,2.1,1.3,0.9,0.026,0.013
Louisiana State,Iowa State,2022,2022-03-18,0,0.042,5.07,-1.18,4.0,2.3,1.0,2.3,0.6,-1.1,-0.006,-0.003
Loyola (IL),Ohio State,2022,2022-03-18,0,0.148,-0.78,0.00,-3.1,-2.2,-1.4,-2.8,-3.2,-2.2,-0.001,-0.008
Marquette,North Carolina,2022,2022-03-17,0,-0.106,-4.14,-0.75,-1.8,1.2,1.8,0.8,1.0,-2.4,-0.005,-0.016
Memphis,Boise State,2022,2022-03-17,1,-0.117,2.74,-0.77,7.2,8.1,6.7,5.3,5.0,-2.6,0.005,0.001
Memphis,Gonzaga,2022,2022-03-19,0,-0.219,-10.79,0.04,-5.0,3.8,3.8,2.2,2.3,-3.5,-0.005,0.000
Miami (FL),Southern California,2022,2022-03-18,1,-0.091,-1.28,0.25,3.0,0.6,3.3,3.4,2.1,-0.7,0.046,-0.002
Miami (FL),Auburn,2022,2022-03-20,1,-0.147,-7.98,0.35,-0.5,-1.4,3.1,2.3,1.3,1.6,0.043,0.028
Miami (FL),Iowa State,2022,2022-03-25,1,0.072,-1.16,-0.18,8.1,2.6,5.2,4.8,3.6,3.5,0.036,0.040
Miami (FL),Kansas,2022,2022-03-27,0,-0.127,-11.06,0.14,-0.6,0.3,2.7,2.8,1.6,0.7,0.024,0.013
Michigan,Colorado State,2022,2022-03-17,1,-0.285,2.75,-0.36,1.3,3.6,2.8,1.3,1.9,0.5,-0.016,-0.011
Michigan,Tennessee,2022,2022-03-19,1,-0.239,-6.20,0.04,2.8,4.3,4.6,2.3,3.5,3.3,0.021,-0.005
Michigan,Villanova,2022,2022-03-24,0,-0.239,-5.05,-0.72,3.8,4.9,4.8,3.4,3.3,0.1,0.008,-0.002
Michigan State,Davidson,2022,2022-03-18,1,-0.171,2.75,-0.07,-0.1,4.4,3.4,1.9,2.9,-1.2,-0.026,-0.014
Michigan State,Duke,2022,2022-03-20,0,-0.176,-6.37,0.23,-3.3,2.1,1.8,0.5,1.5,-1.1,-0.005,0.004
Montana State,Texas Tech,2022,2022-03-18,0,0.059,-20.34,-0.75,6.6,6.8,5.4,3.6,4.9,1.8,0.031,0.031
Murray State,San Francisco,2022,2022-03-17,1,0.210,-4.25,-0.28,-1.4,0.8,-0.3,-1.5,-2.2,0.2,-0.002,0.004
Murray State,Saint Peter's,2022,2022-03-19,0,0.304,6.91,-0.08,6.4,3.1,2.3,0.8,-0.5,0.9,0.027,0.005
New Mexico State,Connecticut,2022,2022-03-17,1,0.094,-9.29,0.20,-1.5,2.3,1.4,-1.0,0.0,-1.0,0.009,-0.037
New Mexico State,Arkansas,2022,2022-03-19,0,0.055,-9.16,-0.07,-3.6,-0.2,-1.3,-2.7,-1.6,0.5,-0.001,0.002
Norfolk State,Baylor,2022,2022-03-17,0,-0.013,-25.64,0.43,-1.2,3.2,-0.2,0.3,0.6,0.3,-0.014,-0.005
North Carolina,Marquette,2022,2022-03-17,1,0.106,4.14,0.75,1.8,0.8,0.1,-1.1,0.2,2.4,0.005,0.016
North Carolina,Baylor,2022,2022-03-19,1,-0.094,-6.23,0.04,4.1,8.1,4.5,3.0,4.2,3.5,0.001,0.025
North Carolina,UCLA,2022,2022-03-25,1,-0.063,-3.80,-0.61,4.6,7.5,5.1,3.8,3.8,0.3,0.007,0.011
North Carolina,Saint Peter's,2022,2022-03-27,1,0.085,12.54,-0.20,9.8,8.2,6.4,3.6,3.9,2.9,0.025,0.027
North Carolina,Duke,2022,2022-04-02,1,-0.105,-4.05,0.05,0.7,5.5,2.6,1.4,2.1,-0.2,-0.006,0.005
North Carolina,Kansas,2022,2022-04-04,0,-0.105,-6.78,-0.39,1.8,6.1,3.6,1.4,2.4,1.7,0.001,0.018
Notre Dame,Alabama,2022,2022-03-18,1,0.103,-2.75,0.39,-8.2,-5.8,-4.0,-6.0,-5.6,3.6,-0.001,0.028
Notre Dame,Texas Tech,2022,2022-03-20,0,-0.038,-8.21,-0.24,3.5,5.1,4.7,2.5,2.9,4.4,0.015,0.034
Ohio State,Loyola (IL),2022,2022-03-18,1,-0.148,0.78,0.00,3.1,4.8,4.8,2.5,3.8,2.2,0.001,0.008
Ohio State,Villanova,2022,2022-03-20,0,-0.155,-5.14,0.08,3.1,3.5,3.1,2.4,3.2,0.2,0.013,0.018
Providence,South Dakota State,2022,2022-03-17,1,-0.049,6.48,0.25,-10.7,-0.6,-3.0,-3.5,-3.0,0.4,-0.063,-0.077
Providence,Richmond,2022,2022-03-19,1,0.176,6.01,-0.25,-0.9,-0.1,-0.9,-1.3,-0.8,0.4,-0.019,-0.014
Providence,Kansas,2022,2022-03-25,0,0.010,-9.20,0.14,-3.9,1.7,0.2,-1.3,-0.3,1.5,-0.013,-0.008
Purdue,Yale,2022,2022-03-18,1,0.161,19.25,0.33,3.5,1.3,1.8,-1.7,-0.3,2.4,0.028,0.042
Purdue,Texas,2022,2022-03-20,1,0.138,2.14,-0.74,9.2,7.2,7.4,3.3,4.0,2.6,0.031,0.034
Purdue,Saint Peter's,2022,2022-03-25,0,0.161,16.19,-0.02,9.2,5.5,5.6,1.8,2.3,2.9,0.049,0.038
Richmond,Iowa,2022,2022-03-17,1,-0.086,-11.83,0.82,-7.5,-3.2,-1.4,-0.3,-1.7,0.1,-0.009,-0.010
Richmond,Providence,2022,2022-03-19,0,-0.176,-6.01,0.25,0.9,0.1,2.8,2.0,0.5,-0.4,0.019,0.014
Saint Mary's (CA),Indiana,2022,2022-03-17,1,0.164,2.11,-0.09,-3.3,-2.8,-1.5,-2.7,-2.9,0.1,0.008,0.015
Saint Mary's (CA),UCLA,2022,2022-03-19,0,0.000,-4.48,-0.38,-4.8,-1.7,-1.0,-0.8,-2.3,-0.9,0.005,0.009
Saint Peter's,Kentucky,2022,2022-03-17,1,-0.155,-17.94,0.17,-8.3,0.6,-1.7,-1.5,-1.0,-1.7,-0.023,-0.007
Saint Peter's,Murray State,2022,2022-03-19,1,-0.304,-6.91,0.08,-6.4,1.9,0.6,0.5,0.2,-0.9,-0.027,-0.005
Saint Peter's,Purdue,2022,2022-03-25,1,-0.161,-16.19,0.02,-9.2,0.4,-3.6,-2.4,-1.7,-2.9,-0.049,-0.038
Saint Peter's,North Carolina,2022,2022-03-27,0,-0.085,-12.54,0.20,-9.8,-2.9,-4.7,-4.2,-3.7,-2.9,-0.025,-0.027
San Diego State,Creighton,2022,2022-03-17,0,0.075,1.79,0.99,-6.1,-4.5,-3.9,-3.8,-3.5,-1.3,-0.009,0.015
San Francisco,Murray State,2022,2022-03-17,0,-0.210,4.25,0.28,1.4,5.6,3.7,3.5,2.6,-0.2,0.002,-0.004
Seton Hall,Texas Christian,2022,2022-03-18,0,0.052,-0.97,0.21,2.5,4.7,-0.6,0.8,1.8,1.2,-0.002,0.019
South Dakota State,Providence,2022,2022-03-17,0,0.049,-6.48,-0.25,10.7,4.1,5.5,3.7,2.9,-0.4,0.063,0.077
Southern California,Miami (FL),2022,2022-03-18,0,0.091,1.28,-0.25,-3.0,0.1,-2.7,-2.3,-1.7,0.7,-0.046,0.002
Tennessee,Longwood,2022,2022-03-17,1,-0.025,20.81,-0.15,-2.6,1.8,0.9,0.3,-1.2,-0.9,-0.026,-0.013
Tennessee,Michigan,2022,2022-03-19,0,0.239,6.20,-0.04,-2.8,0.0,-0.5,-1.3,-2.7,-3.3,-0.021,0.005
Texas,Virginia Tech,2022,2022-03-18,1,-0.001,2.53,1.00,-2.1,0.4,-0.4,-0.4,-0.9,-1.9,-0.024,-0.033
Texas,Purdue,2022,2022-03-20,0,-0.138,-2.14,0.74,-9.2,-1.8,-4.1,-3.0,-3.4,-2.6,-0.031,-0.034
Texas Christian,Seton Hall,2022,2022-03-18,1,-0.052,0.97,-0.21,-2.5,0.9,0.3,-0.8,-0.8,-1.2,0.002,-0.019
Texas Christian,Arizona,2022,2022-03-20,0,-0.287,-9.03,0.36,-9.3,1.0,-0.7,-1.8,-1.0,-0.4,-0.019,-0.035
Texas Southern,Kansas,2022,2022-03-17,0,-0.211,-25.58,0.73,-5.2,2.6,-1.2,-1.1,0.4,-1.1,-0.031,-0.021
Texas Tech,Montana State,2022,2022-03-18,1,-0.059,20.34,0.75,-6.6,-1.7,-2.3,-3.6,-4.0,-1.8,-0.031,-0.031
Texas Tech,Notre Dame,2022,2022-03-20,1,0.038,8.21,0.24,-3.5,-1.9,-2.2,-2.3,-3.0,-4.4,-0.015,-0.034
Texas Tech,Duke,2022,2022-03-24,0,-0.088,0.53,0.74,-7.6,-2.3,-3.4,-2.6,-3.5,-4.2,-0.012,-0.025
UCLA,Akron,2022,2022-03-17,1,0.054,18.39,0.91,3.4,3.8,3.2,1.7,1.5,0.6,-0.013,-0.011
UCLA,Saint Mary's (CA),2022,2022-03-19,1,0.000,4.48,0.38,4.8,5.5,4.7,2.5,2.1,0.9,-0.005,-0.009
UCLA,North Carolina,2022,2022-03-25,0,0.063,3.80,0.61,-4.6,-1.5,-2.8,-3.2,-3.6,-0.3,-0.007,-0.011
Vermont,Arkansas,2022,2022-03-17,0,0.091,-8.46,0.47,-4.3,-3.7,-2.5,-4.6,-4.3,3.2,0.023,0.041
Villanova,Delaware,2022,2022-03-18,1,0.141,18.99,0.21,-4.6,-3.1,-3.6,-4.0,-4.0,1.8,-0.019,-0.017
Villanova,Ohio State,2022,2022-03-20,1,0.155,5.14,-0.08,-3.1,-1.1,-2.3,-2.6,-2.7,-0.2,-0.013,-0.018
Villanova,Michigan,2022,2022-03-24,1,0.239,5.05,0.72,-3.8,-1.1,-3.0,-3.1,-3.9,-0.1,-0.008,0.002
Villanova,Houston,2022,2022-03-26,1,-0.065,-3.24,0.46,0.4,3.4,2.5,2.0,1.9,1.8,0.017,0.021
Villanova,Kansas,2022,2022-04-02,0,-0.036,-2.97,0.22,-5.6,-1.5,-2.2,-2.6,-2.8,1.6,0.002,0.004
Virginia Tech,Texas,2022,2022-03-18,0,0.001,-2.53,-1.00,2.1,1.0,3.7,0.8,1.1,1.9,0.024,0.033
Wisconsin,Colgate,2022,2022-03-18,1,0.098,12.15,-1.01,-3.4,0.2,-1.8,-1.1,-0.5,1.1,-0.026,-0.054
Wisconsin,Iowa State,2022,2022-03-20,0,0.149,0.75,-0.92,3.9,2.6,1.5,0.8,1.2,5.2,-0.002,0.014
Wright State,Arizona,2022,2022-03-18,0,-0.283,-24.69,0.55,-2.3,2.4,3.0,1.4,1.9,0.5,0.016,-0.007
Yale,Purdue,2022,2022-03-18,0,-0.161,-19.25,-0.33,-3.5,3.8,-0.5,0.5,0.7,-2.4,-0.028,-0.042
Abilene Christian,Texas,2021,2021-03-20,1,0.121,-9.24,-0.60,-3.3,-3.1,0.0,-2.2,-4.0,-3.2,-0.010,-0.010
Abilene Christian,UCLA,2021,2021-03-22,0,0.185,-10.03,0.11,-2.9,-1.7,-1.4,-1.6,-4.0,-5.6,-0.022,-0.028
Alabama,Iona,2021,2021-03-20,1,0.094,20.78,0.38,6.2,6.3,3.3,2.5,2.9,0.0,-0.010,-0.002
Alabama,Maryland,2021,2021-03-22,1,0.248,5.64,0.23,7.7,5.7,3.2,3.7,3.1,-3.6,-0.020,-0.030
Alabama,UCLA,2021,2021-03-28,0,0.133,3.28,0.21,4.0,5.5,1.7,2.6,1.5,-3.5,-0.024,-0.033
Arkansas,Colgate,2021,2021-03-19,1,-0.148,4.14,-0.04,-1.3,2.9,2.4,1.8,1.6,-2.7,-0.013,0.001
Arkansas,Texas Tech,2021,2021-03-21,1,0.156,1.21,0.53,8.3,7.0,6.2,5.0,4.8,-0.6,0.004,-0.014
Arkansas,Oral Roberts,2021,2021-03-27,1,0.170,16.07,0.24,-2.3,-2.3,-1.2,-1.3,-1.5,-1.5,-0.022,-0.025
Arkansas,Baylor,2021,2021-03-29,0,-0.131,-7.03,0.06,1.9,6.7,3.8,3.8,3.1,0.3,-0.027,-0.037
Baylor,Hartford,2021,2021-03-19,1,0.264,28.28,0.27,9.6,1.3,3.5,2.4,0.9,-1.0,0.039,0.065
Baylor,Wisconsin,2021,2021-03-21,1,0.330,7.61,0.04,7.0,1.0,2.7,2.7,0.5,-4.0,0.032,0.022
Baylor,Villanova,2021,2021-03-27,1,0.189,7.36,-0.06,3.6,1.2,2.0,2.0,0.0,-3.7,0.003,0.023
Baylor,Arkansas,2021,2021-03-29,1,0.131,7.03,-0.06,-1.9,-2.6,-0.3,-1.5,-2.6,-0.3,0.027,0.037
Baylor,Houston,2021,2021-04-03,1,0.028,3.17,0.14,7.1,5.8,6.9,5.7,4.3,-1.9,0.044,0.049
Baylor,Gonzaga,2021,2021-04-05,1,-0.083,-2.37,0.25,-6.1,0.8,0.5,-0.7,-1.7,-1.1,-0.017,0.024
Brigham Young,UCLA,2021,2021-03-20,0,0.103,-1.11,0.46,2.4,4.0,1.9,-0.1,0.0,-1.1,-0.003,-0.003
California Santa Barbara,Creighton,2021,2021-03-20,0,0.132,-8.48,0.18,-2.7,-3.5,-1.2,-1.8,-2.7,-0.6,0.012,0.000
Clemson,Rutgers,2021,2021-03-19,0,0.119,-1.65,0.10,-5.0,-4.8,-3.0,-3.2,-3.1,-1.2,0.008,0.022
Cleveland State,Houston,2021,2021-03-19,0,-0.158,-26.78,0.16,3.9,8.0,8.2,7.6,6.6,-1.0,0.024,-0.008
Colgate,Arkansas,2021,2021-03-19,0,0.148,-4.14,0.04,1.3,1.5,2.1,-0.3,-0.7,2.7,0.013,-0.001
Colorado,Georgetown,2021,2021-03-20,1,0.213,8.75,0.25,-3.1,-4.0,-4.7,-5.2,-4.0,1.1,0.016,0.001
Colorado,Florida State,2021,2021-03-22,0,0.006,1.76,-0.44,-4.8,-1.8,-1.9,-3.6,-2.7,1.9,0.000,0.002
Connecticut,Maryland,2021,2021-03-20,0,0.130,1.83,0.02,0.9,1.7,-0.1,-0.3,0.8,-1.3,-0.022,-0.022
Creighton,California Santa Barbara,2021,2021-03-20,1,-0.132,8.48,-0.18,2.7,5.7,5.2,3.9,3.3,0.6,-0.012,0.000
Creighton,Ohio,2021,2021-03-22,1,0.019,10.80,0.40,-3.8,-1.1,-1.3,-1.5,-1.8,1.2,-0.026,-0.006
Creighton,Gonzaga,2021,2021-03-28,0,-0.286,-10.92,0.25,-8.3,2.0,1.2,-0.3,-0.5,1.5,-0.039,-0.009
Drake,Southern California,2021,2021-03-20,0,0.108,-11.08,0.23,0.2,1.5,0.1,0.4,-0.2,0.6,0.021,-0.007
Drexel,Illinois,2021,2021-03-19,0,-0.162,-24.22,0.46,-5.6,1.2,1.3,-1.7,-1.3,0.6,0.010,-0.005
Eastern Washington,Kansas,2021,2021-03-20,0,-0.019,-11.26,0.21,4.3,2.1,3.5,1.1,1.7,1.4,0.021,-0.005
Florida,Virginia Tech,2021,2021-03-19,1,-0.106,1.11,-0.20,3.3,3.7,2.7,2.9,3.1,-2.8,0.006,-0.011
Florida,Oral Roberts,2021,2021-03-21,0,-0.007,11.97,-0.22,-6.1,-4.8,-2.8,-1.8,-1.6,-2.2,-0.005,-0.028
Florida State,North Carolina Greensboro,2021,2021-03-20,1,0.003,13.64,0.50,3.1,1.1,2.5,2.2,2.1,-1.2,0.028,0.044
Florida State,Colorado,2021,2021-03-22,1,-0.006,-1.76,0.44,4.8,5.8,4.4,4.0,3.8,-1.9,0.000,-0.002
Florida State,Michigan,2021,2021-03-28,0,-0.106,-4.88,0.06,2.8,4.9,4.3,3.2,3.2,-3.5,0.009,-0.001
Georgetown,Colorado,2021,2021-03-20,0,-0.213,-8.75,-0.25,3.1,8.6,4.8,4.5,4.5,-1.1,-0.016,-0.001
Georgia Tech,Loyola (IL),2021,2021-03-19,0,-0.177,-2.33,-0.11,8.9,8.4,10.1,9.0,7.4,-0.7,0.016,0.013
Gonzaga,Norfolk State,2021,2021-03-20,1,0.292,33.36,-0.50,8.7,0.2,3.1,1.2,-0.5,1.0,0.046,0.006
Gonzaga,Oklahoma,2021,2021-03-22,1,0.400,13.68,-0.21,8.1,0.4,3.3,1.1,-0.2,-1.3,0.039,-0.001
Gonzaga,Creighton,2021,2021-03-28,1,0.286,10.92,-0.25,8.3,1.0,3.6,2.0,0.8,-1.5,0.039,0.009
Gonzaga,Southern California,2021,2021-03-30,1,0.241,6.70,-0.13,10.4,4.6,5.4,3.5,2.3,-1.2,0.054,0.001
Gonzaga,UCLA,2021,2021-04-03,1,0.333,10.90,0.00,9.4,3.5,3.8,2.2,0.6,-2.1,0.028,-0.007
Gonzaga,Baylor,2021,2021-04-05,0,0.083,2.37,-0.25,6.1,4.9,5.4,3.3,1.5,1.1,0.017,-0.024
Grand Canyon,Iowa,2021,2021-03-20,0,0.015,-16.29,0.35,-9.4,-3.9,-5.3,-5.6,-5.4,-1.7,-0.016,-0.055
Hartford,Baylor,2021,2021-03-19,0,-0.264,-28.28,-0.27,-9.6,0.0,-1.5,-0.1,-1.7,1.0,-0.039,-0.065
Houston,Cleveland State,2021,2021-03-19,1,0.158,26.78,-0.16,-3.9,-4.0,-5.9,-5.7,-5.6,1.0,-0.024,0.008
Houston,Rutgers,2021,2021-03-21,1,0.312,7.52,-0.04,-1.3,-2.7,-4.5,-4.1,-4.0,-0.2,-0.005,0.004
Houston,Syracuse,2021,2021-03-27,1,0.249,8.39,0.15,-5.3,-4.7,-7.6,-4.9,-5.2,0.3,-0.020,-0.012
Houston,Oregon State,2021,2021-03-29,1,0.303,10.18,-0.24,-1.9,-1.2,-4.0,-3.3,-3.7,-0.5,-0.024,-0.007
Houston,Baylor,2021,2021-04-03,0,-0.028,-3.17,-0.14,-7.1,0.8,-2.8,-2.5,-3.3,1.9,-0.044,-0.049
Illinois,Drexel,2021,2021-03-19,1,0.162,24.22,-0.46,5.6,5.7,3.4,0.3,0.4,-0.6,-0.010,0.005
Illinois,Loyola (IL),2021,2021-03-21,0,-0.064,8.13,-0.50,11.0,12.5,9.6,6.6,6.3,0.5,-0.003,0.005
Iona,Alabama,2021,2021-03-20,0,-0.094,-20.78,-0.38,-6.2,-2.6,-0.8,-2.6,-2.4,0.0,0.010,0.002
Iowa,Grand Canyon,2021,2021-03-20,1,-0.015,16.29,-0.35,9.4,10.0,9.9,5.3,6.5,1.7,0.016,0.055
Iowa,Oregon,2021,2021-03-22,0,-0.036,5.25,-0.42,9.1,7.7,6.4,3.8,4.3,1.7,-0.011,0.007
Kansas,Eastern Washington,2021,2021-03-20,1,0.019,11.26,-0.21,-4.3,-0.2,-0.6,-1.2,-0.8,-1.4,-0.021,0.005
Kansas,Southern California,2021,2021-03-22,0,-0.044,-5.21,-0.13,0.0,3.4,1.5,1.6,1.6,-0.9,0.004,-0.008
Liberty,Oklahoma State,2021,2021-03-19,0,0.107,-9.59,0.28,-7.5,-7.7,-4.7,-8.0,-7.4,4.3,0.021,0.024
Louisiana State,St. Bonaventure,2021,2021-03-20,1,-0.133,2.26,-0.75,13.0,9.4,7.0,8.5,6.9,-0.6,0.033,-0.002
Louisiana State,Michigan,2021,2021-03-22,0,-0.167,-6.30,-0.87,8.1,8.8,6.1,6.5,5.1,-1.6,0.009,-0.028
Loyola (IL),Georgia Tech,2021,2021-03-19,1,0.177,2.33,0.11,-8.9,-7.8,-6.2,-6.2,-7.2,0.7,-0.016,-0.013
Loyola (IL),Illinois,2021,2021-03-21,1,0.064,-8.13,0.50,-11.0,-5.2,-4.0,-6.2,-7.0,-0.5,0.003,-0.005
Loyola (IL),Oregon State,2021,2021-03-27,0,0.271,3.64,0.17,-5.5,-6.3,-4.1,-5.0,-6.0,-0.9,0.009,0.017
Maryland,Connecticut,2021,2021-03-20,1,-0.130,-1.83,-0.02,-0.9,0.3,2.0,0.3,0.8,1.3,0.022,0.022
Maryland,Alabama,2021,2021-03-22,0,-0.248,-5.64,-0.23,-7.7,-4.9,-1.2,-3.7,-3.1,3.6,0.020,0.030
Michigan,Texas Southern,2021,2021-03-20,1,0.153,28.15,-0.39,-1.3,-1.3,-0.4,-3.2,-1.9,4.3,0.020,0.059
Michigan,Louisiana State,2021,2021-03-22,1,0.167,6.30,0.87,-8.1,-5.2,-4.1,-5.8,-4.8,1.6,-0.009,0.028
Michigan,Florida State,2021,2021-03-28,1,0.106,4.88,-0.06,-2.8,0.2,-0.2,-3.4,-1.4,3.5,-0.009,0.001
Michigan,UCLA,2021,2021-03-30,0,0.167,5.70,0.66,-0.5,1.3,0.0,-2.0,-1.0,0.5,-0.011,-0.003
Missouri,Oklahoma,2021,2021-03-20,0,0.040,-1.15,0.59,0.5,0.8,1.6,1.6,1.3,-1.1,0.003,-0.021
Morehead State,West Virginia,2021,2021-03-19,0,0.100,-16.31,0.27,-8.2,-2.9,-4.6,-4.8,-2.9,-0.3,-0.009,-0.017
Norfolk State,Gonzaga,2021,2021-03-20,0,-0.292,-33.36,0.50,-8.7,3.0,0.1,0.2,0.2,-1.0,-0.046,-0.006
North Carolina,Wisconsin,2021,2021-03-19,0,0.057,-2.43,-0.21,5.3,6.6,4.1,4.0,3.2,-3.9,-0.006,-0.016
North Carolina Greensboro,Florida State,2021,2021-03-20,0,-0.003,-13.64,-0.50,-3.1,2.1,-0.8,-0.7,-0.5,1.2,-0.028,-0.044
North Texas,Purdue,2021,2021-03-19,1,-0.013,-7.97,0.78,-2.8,-1.3,-2.6,-1.7,-2.5,-1.5,0.010,0.029
North Texas,Villanova,2021,2021-03-21,0,-0.073,-9.89,0.04,-4.6,-1.9,-1.5,-0.9,-2.1,-2.8,-0.011,0.007
Ohio,Virginia,2021,2021-03-20,1,-0.054,-9.79,-0.34,11.6,9.0,9.0,6.8,6.0,-3.7,0.010,-0.012
Ohio,Creighton,2021,2021-03-22,0,-0.019,-10.80,-0.40,3.8,1.5,4.4,2.7,1.8,-1.2,0.026,0.006
Ohio State,Oral Roberts,2021,2021-03-19,0,0.085,16.52,0.50,-4.2,-3.7,-1.8,-2.8,-2.0,2.2,-0.001,-0.009
Oklahoma,Missouri,2021,2021-03-20,1,-0.040,1.15,-0.59,-0.5,-0.8,-0.1,-0.6,-1.2,1.1,-0.003,0.021
Oklahoma,Gonzaga,2021,2021-03-22,0,-0.400,-13.68,0.21,-8.1,2.8,0.9,0.6,0.5,1.3,-0.039,0.001
Oklahoma State,Liberty,2021,2021-03-19,1,-0.107,9.59,-0.28,7.5,10.6,8.2,7.4,7.5,-4.3,-0.021,-0.024
Oklahoma State,Oregon State,2021,2021-03-21,0,0.128,2.17,-0.49,5.6,4.9,2.7,3.7,3.4,-3.3,-0.005,-0.003
Oral Roberts,Ohio State,2021,2021-03-19,1,-0.085,-16.52,-0.50,4.2,2.8,1.8,3.2,2.9,-2.2,0.001,0.009
Oral Roberts,Florida,2021,2021-03-21,1,0.007,-11.97,0.22,6.1,3.4,2.8,2.2,2.9,2.2,0.005,0.028
Oral Roberts,Arkansas,2021,2021-03-27,0,-0.170,-16.07,-0.24,2.3,1.9,2.7,2.5,2.5,1.5,0.022,0.025
Oregon,Iowa,2021,2021-03-22,1,0.036,-5.25,0.42,-9.1,-5.9,-4.8,-2.5,-3.2,-1.7,0.011,-0.007
Oregon,Southern California,2021,2021-03-28,0,0.001,-4.35,0.32,-0.8,0.1,0.8,1.3,0.9,-0.2,0.037,0.013
Oregon State,Tennessee,2021,2021-03-19,1,-0.106,-5.39,0.29,1.3,2.2,4.2,1.7,2.5,2.3,0.014,0.001
Oregon State,Oklahoma State,2021,2021-03-21,1,-0.128,-2.17,0.49,-5.6,-3.5,-1.5,-3.7,-3.1,3.3,0.005,0.003
Oregon State,Loyola (IL),2021,2021-03-27,1,-0.271,-3.64,-0.17,5.5,9.2,8.2,6.1,6.2,0.9,-0.009,-0.017
Oregon State,Houston,2021,2021-03-29,0,-0.303,-10.18,0.24,1.9,6.0,6.7,5.2,5.2,0.5,0.024,0.007
Purdue,North Texas,2021,2021-03-19,0,0.013,7.97,-0.78,2.8,5.6,4.6,1.6,2.5,1.5,-0.010,-0.029
Rutgers,Clemson,2021,2021-03-19,1,-0.119,1.65,-0.10,5.0,4.1,4.1,3.4,3.8,1.2,-0.008,-0.022
Rutgers,Houston,2021,2021-03-21,0,-0.312,-7.52,0.04,1.3,6.5,6.3,6.0,6.0,0.2,0.005,-0.004
San Diego State,Syracuse,2021,2021-03-19,0,0.212,1.09,0.19,-5.0,-5.5,-6.1,-3.3,-4.7,-0.4,0.004,0.019
Southern California,Drake,2021,2021-03-20,1,-0.108,11.08,-0.23,-0.2,4.1,1.9,-0.1,1.3,-0.6,-0.021,0.007
Southern California,Kansas,2021,2021-03-22,1,0.044,5.21,0.13,0.0,1.2,0.1,-1.6,0.1,0.9,-0.004,0.008
Southern California,Oregon,2021,2021-03-28,1,-0.001,4.35,-0.32,0.8,3.5,0.0,-0.5,0.7,0.2,-0.037,-0.013
Southern California,Gonzaga,2021,2021-03-30,0,-0.241,-6.70,0.13,-10.4,2.0,-1.3,-3.0,-1.2,1.2,-0.054,-0.001
St. Bonaventure,Louisiana State,2021,2021-03-20,0,0.133,-2.26,0.75,-13.0,-7.5,-6.7,-7.0,-6.9,0.6,-0.033,0.002
Syracuse,San Diego State,2021,2021-03-19,1,-0.212,-1.09,-0.19,5.0,6.2,5.7,6.2,5.5,0.4,-0.004,-0.019
Syracuse,West Virginia,2021,2021-03-21,1,-0.027,-2.09,-0.02,-2.2,-0.9,-0.5,0.0,0.1,0.9,-0.004,-0.016
Syracuse,Houston,2021,2021-03-27,0,-0.249,-8.39,-0.15,5.3,7.8,8.2,7.5,7.2,-0.3,0.020,0.012
Tennessee,Oregon State,2021,2021-03-19,0,0.106,5.39,-0.29,-1.3,-0.9,-0.8,-1.1,-1.1,-2.3,-0.014,-0.001
Texas,Abilene Christian,2021,2021-03-20,0,-0.121,9.24,0.60,3.3,6.1,5.4,3.9,4.1,3.2,0.010,0.010
Texas Southern,Michigan,2021,2021-03-20,0,-0.153,-28.15,0.39,1.3,7.2,3.3,3.2,3.0,-4.3,-0.020,-0.059
Texas Tech,Utah State,2021,2021-03-19,1,-0.085,5.60,0.07,0.4,2.8,1.2,0.7,0.7,0.4,0.011,0.016
Texas Tech,Arkansas,2021,2021-03-21,0,-0.156,-1.21,-0.53,-8.3,-4.2,-3.5,-3.5,-3.6,0.6,-0.004,0.014
UCLA,Brigham Young,2021,2021-03-20,1,-0.103,1.11,-0.46,-2.4,1.1,1.0,-0.8,0.3,1.1,0.003,0.003
UCLA,Abilene Christian,2021,2021-03-22,1,-0.185,10.03,-0.11,2.9,4.5,5.7,3.2,3.5,5.6,0.022,0.028
UCLA,Alabama,2021,2021-03-28,1,-0.133,-3.28,-0.21,-4.0,-2.4,0.4,-2.3,-1.9,3.5,0.024,0.033
UCLA,Michigan,2021,2021-03-30,1,-0.167,-5.70,-0.66,0.5,3.6,3.5,1.6,1.7,-0.5,0.011,0.003
UCLA,Gonzaga,2021,2021-04-03,0,-0.333,-10.90,0.00,-9.4,1.7,0.3,-1.2,-0.6,2.1,-0.028,0.007
Utah State,Texas Tech,2021,2021-03-19,0,0.085,-5.60,-0.07,-0.4,3.3,2.8,0.1,0.5,-0.4,-0.011,-0.016
Villanova,Winthrop,2021,2021-03-19,1,-0.231,12.78,-0.20,-2.3,1.0,2.1,-0.7,-1.1,4.4,0.012,0.010
Villanova,North Texas,2021,2021-03-21,1,0.073,9.89,-0.04,4.6,3.7,4.9,1.5,1.6,2.8,0.011,-0.007
Villanova,Baylor,2021,2021-03-27,0,-0.189,-7.36,0.06,-3.6,1.6,1.9,0.3,-0.6,3.7,-0.003,-0.023
Virginia,Ohio,2021,2021-03-20,0,0.054,9.79,0.34,-11.6,-7.1,-6.1,-6.4,-5.1,3.7,-0.010,0.012
Virginia Tech,Florida,2021,2021-03-19,0,0.106,-1.11,0.20,-3.3,-1.5,-1.3,-3.6,-1.8,2.8,-0.006,0.011
West Virginia,Morehead State,2021,2021-03-19,1,-0.100,16.31,-0.27,8.2,7.5,5.1,3.9,3.8,0.3,0.009,0.017
West Virginia,Syracuse,2021,2021-03-21,0,0.027,2.09,0.02,2.2,0.9,-0.7,1.8,0.8,-0.9,0.004,0.016
Winthrop,Villanova,2021,2021-03-19,0,0.231,-12.78,0.20,2.3,4.0,1.8,2.0,0.0,-4.4,-0.012,-0.010
Wisconsin,North Carolina,2021,2021-03-19,1,-0.057,2.43,0.21,-5.3,-2.1,-2.5,-4.1,-3.0,3.9,0.006,0.016
Wisconsin,Baylor,2021,2021-03-21,0,-0.330,-7.61,-0.04,-7.0,0.5,0.1,-0.5,-0.5,4.0,-0.032,-0.022
Abilene Christian,Kentucky,2019,2019-03-21,0,0.000,-23.34,0.68,-1.7,1.1,1.6,0.9,-0.7,-1.9,0.013,0.006
Arizona State,Buffalo,2019,2019-03-22,0,-0.215,-5.28,-0.50,-2.1,2.7,2.9,1.8,1.4,-0.2,0.001,0.018
Auburn,New Mexico State,2019,2019-03-21,1,-0.139,10.79,0.09,3.0,4.9,4.9,4.3,3.6,-1.9,0.017,0.027
Auburn,Kansas,2019,2019-03-23,1,0.008,2.49,0.75,1.3,-1.1,0.0,0.7,0.0,-1.6,0.027,0.018
Auburn,North Carolina,2019,2019-03-29,1,-0.075,-3.10,0.39,-5.3,-2.0,-2.1,-1.0,-2.2,-0.9,0.020,0.013
Auburn,Kentucky,2019,2019-03-31,1,-0.075,-0.59,1.01,4.0,4.5,3.7,3.8,3.0,-2.1,0.024,0.013
Auburn,Virginia,2019,2019-04-06,0,-0.163,-4.62,0.68,10.5,8.6,9.1,8.5,7.4,-4.6,0.031,0.019
Baylor,Syracuse,2019,2019-03-21,1,-0.012,-0.35,-0.08,1.8,1.2,0.3,0.6,1.6,1.2,0.007,0.012
Baylor,Gonzaga,2019,2019-03-23,0,-0.315,-14.41,-0.08,-6.5,4.1,3.5,1.7,2.6,-0.7,-0.015,0.009
Belmont,Maryland,2019,2019-03-21,0,0.156,-6.89,-0.14,12.0,8.1,7.9,4.1,4.4,-0.7,0.036,0.023
Bradley,Michigan State,2019,2019-03-21,0,-0.235,-25.01,0.64,-5.4,1.4,0.1,-0.3,0.5,-1.1,-0.003,0.001
Buffalo,Arizona State,2019,2019-03-22,1,0.215,5.28,0.50,2.1,1.2,0.4,-0.9,-1.0,0.2,-0.001,-0.018
Buffalo,Texas Tech,2019,2019-03-24,0,0.105,-7.23,0.39,11.5,9.6,9.1,6.2,6.4,0.0,0.013,-0.014
California Irvine,Kansas State,2019,2019-03-22,1,0.100,-9.69,0.20,5.3,5.8,2.7,1.7,2.7,1.5,-0.005,0.024
California Irvine,Oregon,2019,2019-03-24,0,0.200,-8.25,0.92,1.9,4.2,1.3,0.9,1.4,1.1,-0.015,0.028
Central Florida,Virginia Commonwealth,2019,2019-03-22,1,-0.039,1.41,0.26,2.0,2.0,2.6,1.0,2.3,3.1,0.014,0.044
Central Florida,Duke,2019,2019-03-24,0,-0.111,-13.53,0.48,-6.8,-1.0,-1.3,-2.0,-1.0,1.5,0.001,0.035
Cincinnati,Iowa,2019,2019-03-22,0,0.157,0.26,0.18,-8.9,-5.0,-6.8,-5.9,-4.8,0.6,-0.035,0.006
Colgate,Tennessee,2019,2019-03-22,0,-0.147,-20.32,-0.15,-2.9,0.8,1.9,0.2,0.7,-0.6,0.012,0.007
Duke,North Dakota State,2019,2019-03-22,1,0.294,30.91,0.13,2.5,1.6,-0.5,-0.5,-0.4,-3.4,-0.045,-0.060
Duke,Central Florida,2019,2019-03-24,1,0.111,13.53,-0.48,6.8,5.0,3.4,3.3,3.7,-1.5,-0.001,-0.035
Duke,Virginia Tech,2019,2019-03-29,1,0.103,7.62,-0.19,7.5,8.4,4.7,4.9,4.7,-0.9,-0.034,-0.057
Duke,Michigan State,2019,2019-03-31,0,0.029,1.97,0.09,4.0,6.2,3.3,2.8,3.3,-2.1,-0.008,-0.043
Fairleigh Dickinson,Gonzaga,2019,2019-03-21,0,-0.291,-33.88,0.00,-2.8,3.9,5.6,4.6,4.3,-2.0,0.012,0.042
Florida,Nevada,2019,2019-03-21,1,-0.320,-0.58,-1.17,-7.7,-2.3,-1.8,-0.3,-1.1,-1.2,-0.016,-0.015
Florida,Michigan,2019,2019-03-23,0,-0.265,-6.40,0.35,1.8,2.2,3.6,4.2,2.8,-2.8,0.019,0.009
Florida State,Vermont,2019,2019-03-21,1,-0.024,13.11,0.50,2.7,5.5,3.3,3.0,2.9,-1.8,-0.012,-0.019
Florida State,Murray State,2019,2019-03-23,1,-0.077,9.03,0.12,-4.4,0.9,0.2,0.1,-0.1,-0.7,-0.010,0.014
Florida State,Gonzaga,2019,2019-03-28,0,-0.115,-9.80,0.00,-5.2,3.8,2.7,2.1,2.2,-1.8,-0.017,0.000
Gardner Webb,Virginia,2019,2019-03-22,0,-0.230,-28.07,0.36,10.4,9.3,10.0,8.1,7.3,-2.7,0.027,0.017
Georgia State,Houston,2019,2019-03-22,0,-0.184,-16.47,0.03,6.7,5.8,7.2,7.5,7.3,-1.7,0.037,0.039
Gonzaga,Fairleigh Dickinson,2019,2019-03-21,1,0.291,33.88,0.00,2.8,-1.0,-1.2,-2.9,-2.4,2.0,-0.012,-0.042
Gonzaga,Baylor,2019,2019-03-23,1,0.315,14.41,0.08,6.5,2.2,1.2,-0.6,-0.8,0.7,0.015,-0.009
Gonzaga,Florida State,2019,2019-03-28,1,0.115,9.80,0.00,5.2,1.8,2.9,-0.1,0.1,1.8,0.017,0.000
Gonzaga,Texas Tech,2019,2019-03-30,0,0.103,5.00,0.14,10.1,5.7,6.9,3.4,4.2,1.7,0.025,0.002
Houston,Georgia State,2019,2019-03-22,1,0.184,16.47,-0.03,-6.7,-5.5,-6.3,-5.4,-5.6,1.7,-0.037,-0.039
Houston,Ohio State,2019,2019-03-24,1,0.336,5.02,0.35,0.5,1.0,-1.1,-2.5,-2.0,0.7,-0.020,-0.017
Houston,Kentucky,2019,2019-03-29,0,0.094,-2.52,0.77,-2.1,3.8,0.0,-1.5,-1.2,0.7,-0.024,-0.032
Iona,North Carolina,2019,2019-03-22,0,-0.287,-28.72,0.20,-3.2,2.0,0.9,1.5,0.4,0.8,0.019,0.010
Iowa,Cincinnati,2019,2019-03-22,1,-0.157,-0.26,-0.18,8.9,7.8,7.8,6.7,5.4,-0.6,0.035,-0.006
Iowa,Tennessee,2019,2019-03-24,0,-0.186,-7.28,-0.43,0.3,2.8,3.7,2.0,2.4,-0.7,0.009,-0.014
Iowa State,Ohio State,2019,2019-03-22,0,0.101,4.18,-0.16,4.8,1.8,2.6,1.4,1.7,0.6,0.012,0.016
Kansas,Northeastern,2019,2019-03-21,1,0.038,14.40,-0.83,-0.2,2.7,0.3,0.3,0.6,-1.6,-0.043,-0.017
Kansas,Auburn,2019,2019-03-23,0,-0.008,-2.49,-0.75,-1.3,2.1,1.2,1.2,0.8,1.6,-0.027,-0.018
Kansas State,California Irvine,2019,2019-03-22,0,-0.100,9.69,-0.20,-5.3,-1.7,0.0,-0.9,-2.3,-1.5,0.005,-0.024
Kentucky,Abilene Christian,2019,2019-03-21,1,0.000,23.34,-0.68,1.7,3.7,2.1,0.7,1.6,1.9,-0.013,-0.006
Kentucky,Wofford,2019,2019-03-23,1,-0.061,7.51,-0.61,-3.7,4.2,0.7,-0.2,0.7,0.0,-0.025,-0.019
Kentucky,Houston,2019,2019-03-29,1,-0.094,2.52,-0.77,2.1,4.5,3.6,2.2,3.2,-0.7,0.024,0.032
Kentucky,Auburn,2019,2019-03-31,0,0.075,0.59,-1.01,-4.0,-0.4,-1.5,-2.0,-1.5,2.1,-0.024,-0.013
Liberty,Mississippi State,2019,2019-03-22,1,0.127,-10.69,0.19,-6.3,-4.2,-3.4,-4.4,-5.0,1.2,-0.003,-0.021
Liberty,Virginia Tech,2019,2019-03-24,0,0.074,-14.01,0.33,-0.3,0.9,1.0,0.3,-0.6,0.4,-0.002,-0.014
Louisiana State,Yale,2019,2019-03-21,1,0.054,10.98,-0.06,-0.4,2.1,-0.1,0.7,0.4,-1.5,-0.004,-0.009
Louisiana State,Maryland,2019,2019-03-23,1,0.125,0.49,0.21,8.3,7.7,4.2,4.7,4.2,-2.6,0.021,-0.006
Louisiana State,Michigan State,2019,2019-03-29,0,-0.011,-8.43,0.15,5.5,7.6,4.5,5.3,4.7,-2.3,0.014,-0.019
Louisville,Minnesota,2019,2019-03-21,0,-0.012,4.76,0.08,1.5,1.2,-0.3,-1.2,-1.2,-0.1,0.006,0.003
Marquette,Murray State,2019,2019-03-21,0,-0.144,5.82,0.04,-2.0,2.3,1.7,0.1,1.0,0.4,-0.004,0.037
Maryland,Belmont,2019,2019-03-21,1,-0.156,6.89,0.14,-12.0,-2.2,-3.8,-5.1,-3.6,0.7,-0.036,-0.023
Maryland,Louisiana State,2019,2019-03-23,0,-0.125,-0.49,-0.21,-8.3,-1.3,-3.1,-4.8,-3.0,2.6,-0.021,0.006
Michigan,Montana,2019,2019-03-21,1,0.059,20.32,-0.61,-8.4,-3.1,-3.6,-4.9,-4.5,2.4,-0.058,-0.041
Michigan,Florida,2019,2019-03-23,1,0.265,6.40,-0.35,-1.8,-2.3,-1.2,-2.7,-2.1,2.8,-0.019,-0.009
Michigan,Texas Tech,2019,2019-03-28,0,0.017,-0.97,-0.42,-2.2,0.5,1.4,-0.7,0.1,3.4,-0.018,-0.015
Michigan State,Bradley,2019,2019-03-21,1,0.235,25.01,-0.64,5.4,3.5,3.1,-0.3,1.2,1.1,0.003,-0.001
Michigan State,Minnesota,2019,2019-03-23,1,0.206,12.41,-0.49,1.3,0.6,0.4,-2.5,-1.7,0.1,0.006,0.019
Michigan State,Louisiana State,2019,2019-03-29,1,0.011,8.43,-0.15,-5.5,-0.9,-0.7,-4.7,-3.0,2.3,-0.014,0.019
Michigan State,Duke,2019,2019-03-31,1,-0.029,-1.97,-0.09,-4.0,1.1,1.5,-2.0,-0.4,2.1,0.008,0.043
Michigan State,Texas Tech,2019,2019-04-06,0,0.017,2.14,-0.23,5.1,6.5,7.0,2.3,4.2,2.3,0.007,0.016
Minnesota,Louisville,2019,2019-03-21,1,0.012,-4.76,-0.08,-1.5,1.5,2.0,0.1,0.8,0.1,-0.006,-0.003
Minnesota,Michigan State,2019,2019-03-23,0,-0.206,-12.41,0.49,-1.3,4.6,3.4,1.6,2.7,-0.1,-0.006,-0.019
Mississippi,Oklahoma,2019,2019-03-22,0,0.031,-2.98,-0.49,3.4,0.1,2.4,1.7,1.4,-1.6,0.040,0.027
Mississippi State,Liberty,2019,2019-03-22,0,-0.127,10.69,-0.19,6.3,7.0,6.5,5.9,5.7,-1.2,0.003,0.021
Montana,Michigan,2019,2019-03-21,0,-0.059,-20.32,0.61,8.4,4.7,7.3,6.4,5.0,-2.4,0.058,0.041
Murray State,Marquette,2019,2019-03-21,1,0.144,-5.82,-0.04,2.0,1.5,2.2,-0.3,0.1,-0.4,0.004,-0.037
Murray State,Florida State,2019,2019-03-23,0,0.077,-9.03,-0.12,4.4,2.9,4.5,1.6,1.3,0.7,0.010,-0.014
Nevada,Florida,2019,2019-03-21,0,0.320,0.58,1.17,7.7,3.1,3.5,1.7,2.1,1.2,0.016,0.015
New Mexico State,Auburn,2019,2019-03-21,0,0.139,-10.79,-0.09,-3.0,-0.6,-0.9,-2.2,-2.7,1.9,-0.017,-0.027
North Carolina,Iona,2019,2019-03-22,1,0.287,28.72,-0.20,3.2,1.8,0.5,-0.6,-1.6,-0.8,-0.019,-0.010
North Carolina,Washington,2019,2019-03-24,1,0.053,11.93,-0.10,12.2,9.0,7.0,4.7,4.6,1.3,0.006,0.007
North Carolina,Auburn,2019,2019-03-29,0,0.075,3.10,-0.39,5.3,6.6,5.5,2.9,2.1,0.9,-0.020,-0.013
North Dakota State,Duke,2019,2019-03-22,0,-0.294,-30.91,-0.13,-2.5,0.4,1.9,1.5,2.1,3.4,0.045,0.060
Northeastern,Kansas,2019,2019-03-21,0,-0.038,-14.40,0.83,0.2,-1.4,0.9,0.2,-0.3,1.6,0.043,0.017
Northern Kentucky,Texas Tech,2019,2019-03-22,0,-0.042,-18.12,-0.36,7.6,6.8,8.3,4.7,5.5,0.8,0.027,0.007
Ohio State,Iowa State,2019,2019-03-22,1,-0.101,-4.18,0.16,-4.8,-0.9,-0.1,-0.6,-1.0,-0.6,-0.012,-0.016
Ohio State,Houston,2019,2019-03-24,0,-0.336,-5.02,-0.35,-0.5,3.3,4.6,2.9,2.7,-0.7,0.020,0.017
Oklahoma,Mississippi,2019,2019-03-22,1,-0.031,2.98,0.49,-3.4,0.8,-2.1,-1.6,-1.7,1.6,-0.040,-0.027
Oklahoma,Virginia,2019,2019-03-24,0,-0.313,-10.16,0.93,6.0,9.7,8.0,6.6,6.2,-2.1,-0.011,-0.002
Old Dominion,Purdue,2019,2019-03-21,0,0.046,-17.66,0.06,-8.8,0.2,-3.2,-3.0,-2.9,-0.4,-0.052,-0.022
Oregon,Wisconsin,2019,2019-03-22,1,-0.040,-3.95,-0.54,0.9,-0.3,1.7,1.5,0.4,-2.2,0.022,-0.017
Oregon,California Irvine,2019,2019-03-24,1,-0.200,8.25,-0.92,-1.9,0.1,1.1,0.5,0.0,-1.1,0.015,-0.028
Oregon,Virginia,2019,2019-03-28,0,-0.249,-11.51,-0.22,2.3,5.3,5.3,4.4,3.9,-2.9,-0.001,-0.022
Purdue,Old Dominion,2019,2019-03-21,1,-0.046,17.66,-0.06,8.8,4.8,4.9,3.9,4.0,0.4,0.052,0.022
Purdue,Villanova,2019,2019-03-23,1,-0.017,7.07,-0.33,1.4,2.1,0.3,0.4,0.8,-0.4,-0.003,0.011
Purdue,Tennessee,2019,2019-03-28,1,-0.134,-0.15,-0.62,-3.8,0.3,-0.1,-1.3,-0.5,0.4,-0.001,0.001
Purdue,Virginia,2019,2019-03-30,0,-0.188,-4.06,0.02,8.3,9.3,8.4,6.2,6.3,-1.7,0.018,0.016
Saint Louis,Virginia Tech,2019,2019-03-22,0,-0.093,-14.22,-0.19,-2.6,5.6,1.2,1.9,1.3,-0.3,-0.053,-0.052
Saint Mary's (CA),Villanova,2019,2019-03-21,0,-0.069,-1.75,-0.35,-2.2,-0.8,-3.4,-1.2,-1.4,0.7,-0.002,0.002
Seton Hall,Wofford,2019,2019-03-21,0,-0.273,-3.67,-0.18,-1.1,6.3,4.3,3.9,3.9,-0.9,-0.025,-0.036
Syracuse,Baylor,2019,2019-03-21,0,0.012,0.35,0.08,-1.8,0.5,-1.3,0.3,-0.6,-1.2,-0.007,-0.012
Tennessee,Colgate,2019,2019-03-22,1,0.147,20.32,0.15,2.9,2.7,2.2,-0.8,0.9,0.6,-0.012,-0.007
Tennessee,Iowa,2019,2019-03-24,1,0.186,7.28,0.43,-0.3,-0.7,-1.0,-2.4,-0.8,0.7,-0.009,0.014
Tennessee,Purdue,2019,2019-03-28,0,0.134,0.15,0.62,3.8,4.0,3.9,1.7,2.0,-0.4,0.001,-0.001
Texas Tech,Northern Kentucky,2019,2019-03-22,1,0.042,18.12,0.36,-7.6,-4.0,-4.0,-4.0,-4.2,-0.8,-0.027,-0.007
Texas Tech,Buffalo,2019,2019-03-24,1,-0.105,7.23,-0.39,-11.5,-7.1,-4.0,-4.7,-4.7,0.0,-0.013,0.014
Texas Tech,Michigan,2019,2019-03-28,1,-0.017,0.97,0.42,2.2,0.5,2.3,2.3,1.4,-3.4,0.018,0.015
Texas Tech,Gonzaga,2019,2019-03-30,1,-0.103,-5.00,-0.14,-10.1,-1.8,-0.8,-1.8,-1.4,-1.7,-0.025,-0.002
Texas Tech,Michigan State,2019,2019-04-06,1,-0.017,-2.14,0.23,-5.1,-1.6,-2.0,-2.2,-1.8,-2.3,-0.007,-0.016
Texas Tech,Virginia,2019,2019-04-08,0,-0.100,-2.67,0.21,2.4,3.8,4.1,2.9,2.8,-3.9,-0.005,-0.011
Utah State,Washington,2019,2019-03-22,0,0.059,-0.03,-0.53,5.6,3.9,3.1,1.2,2.0,2.3,0.008,0.012
Vermont,Florida State,2019,2019-03-21,0,0.024,-13.11,-0.50,-2.7,-1.1,-1.3,-2.1,-1.7,1.8,0.012,0.019
Villanova,Saint Mary's (CA),2019,2019-03-21,1,0.069,1.75,0.35,2.2,4.4,3.5,1.8,1.3,-0.7,0.002,-0.002
Villanova,Purdue,2019,2019-03-23,0,0.017,-7.07,0.33,-1.4,1.4,0.9,0.3,-0.4,0.4,0.003,-0.011
Virginia,Gardner Webb,2019,2019-03-22,1,0.230,28.07,-0.36,-10.4,-7.3,-6.8,-7.4,-6.7,2.7,-0.027,-0.017
Virginia,Oklahoma,2019,2019-03-24,1,0.313,10.16,-0.93,-6.0,-7.1,-5.2,-6.6,-6.0,2.1,0.011,0.002
Virginia,Oregon,2019,2019-03-28,1,0.249,11.51,0.22,-2.3,-2.1,-1.8,-2.9,-2.5,2.9,0.001,0.022
Virginia,Purdue,2019,2019-03-30,1,0.188,4.06,-0.02,-8.3,-4.2,-4.7,-5.3,-5.6,1.7,-0.018,-0.016
Virginia,Auburn,2019,2019-04-06,1,0.163,4.62,-0.68,-10.5,-6.6,-5.3,-6.4,-6.2,4.6,-0.031,-0.019
Virginia,Texas Tech,2019,2019-04-08,1,0.100,2.67,-0.21,-2.4,-0.8,0.6,-2.0,-1.0,3.9,0.005,0.011
Virginia Commonwealth,Central Florida,2019,2019-03-22,0,0.039,-1.41,-0.26,-2.0,-0.3,-0.7,-0.2,-0.4,-3.1,-0.014,-0.044
Virginia Tech,Saint Louis,2019,2019-03-22,1,0.093,14.22,0.19,2.6,-1.1,0.7,-0.5,-1.7,0.3,0.053,0.052
Virginia Tech,Liberty,2019,2019-03-24,1,-0.074,14.01,-0.33,0.3,1.3,2.9,1.0,0.1,-0.4,0.002,0.014
Virginia Tech,Duke,2019,2019-03-29,0,-0.103,-7.62,0.19,-7.5,-4.3,-1.6,-2.7,-3.4,0.9,0.034,0.057
Washington,Utah State,2019,2019-03-22,1,-0.059,0.03,0.53,-5.6,-1.1,-1.1,0.3,0.0,-2.3,-0.008,-0.012
Washington,North Carolina,2019,2019-03-24,0,-0.053,-11.93,0.10,-12.2,-5.4,-5.5,-3.1,-3.7,-1.3,-0.006,-0.007
Wisconsin,Oregon,2019,2019-03-22,0,0.040,3.95,0.54,-0.9,0.9,0.2,-0.3,0.4,2.2,-0.022,0.017
Wofford,Seton Hall,2019,2019-03-21,1,0.273,3.67,0.18,1.1,-3.4,-2.2,-2.7,-3.9,0.9,0.025,0.036
Wofford,Kentucky,2019,2019-03-23,0,0.061,-7.51,0.61,3.7,3.4,2.5,0.9,0.4,0.0,0.025,0.019
Yale,Louisiana State,2019,2019-03-21,0,-0.054,-10.98,0.06,0.4,2.3,2.8,-0.1,0.8,1.5,0.004,0.009
Alabama,Virginia Tech,2018,2018-03-15,1,-0.097,-2.01,-0.65,-4.6,0.0,-1.4,-0.3,-0.1,-1.2,-0.035,-0.041
Alabama,Villanova,2018,2018-03-17,0,-0.324,-14.30,-0.57,-7.0,1.7,-0.1,0.9,1.6,-2.0,-0.038,-0.032
Arizona,Buffalo,2018,2018-03-15,0,0.029,7.68,-0.09,-4.3,-2.3,-0.4,-2.7,-1.9,1.2,0.015,0.015
Arkansas,Butler,2018,2018-03-16,0,0.070,-2.16,0.76,2.3,2.5,2.4,2.1,2.2,0.1,-0.007,0.011
Auburn,College of Charleston,2018,2018-03-16,1,-0.007,14.14,-0.35,6.0,4.4,3.3,4.0,3.4,-2.7,-0.002,0.002
Auburn,Clemson,2018,2018-03-18,0,0.063,-1.19,-0.23,7.7,5.8,5.0,4.5,4.5,-1.9,0.015,-0.005
Bucknell,Michigan State,2018,2018-03-16,0,-0.143,-17.92,-0.14,4.5,7.3,5.3,3.9,5.0,-0.9,0.010,-0.029
Buffalo,Arizona,2018,2018-03-15,1,-0.029,-7.68,0.09,4.3,7.0,4.2,2.4,3.0,-1.2,-0.015,-0.015
Buffalo,Kentucky,2018,2018-03-17,0,0.059,-9.25,0.74,6.9,5.6,4.9,3.3,3.3,-0.7,0.022,0.020
Butler,Arkansas,2018,2018-03-16,1,-0.070,2.16,-0.76,-2.3,-2.5,-1.3,-0.6,-1.8,-0.1,0.007,-0.011
Butler,Purdue,2018,2018-03-18,0,-0.217,-6.49,-0.75,2.7,4.3,4.5,4.2,3.7,-1.1,0.012,-0.011
Cal State Fullerton,Purdue,2018,2018-03-16,0,-0.178,-24.34,-0.77,-1.8,3.6,2.6,2.9,2.7,-2.1,-0.012,-0.036
Cincinnati,Georgia State,2018,2018-03-16,1,0.176,17.03,-0.17,-5.1,-3.8,-3.6,-3.9,-3.9,0.1,-0.032,-0.032
Cincinnati,Nevada,2018,2018-03-18,0,0.088,5.81,-0.80,-12.0,-6.4,-6.4,-6.5,-6.5,-1.6,-0.050,-0.024
Clemson,New Mexico State,2018,2018-03-16,1,-0.130,8.10,-0.19,-0.1,2.6,2.8,1.3,2.1,1.3,0.018,0.037
Clemson,Auburn,2018,2018-03-18,1,-0.063,1.19,0.23,-7.7,-3.5,-3.5,-3.8,-2.9,1.9,-0.015,0.005
Clemson,Kansas,2018,2018-03-23,0,-0.075,-4.23,0.17,-6.8,-2.7,-2.8,-2.9,-2.4,0.4,-0.022,-0.008
College of Charleston,Auburn,2018,2018-03-16,0,0.007,-14.14,0.35,-6.0,-3.5,-3.1,-2.8,-2.2,2.7,0.002,-0.002
Creighton,Kansas State,2018,2018-03-16,0,-0.010,3.50,0.43,9.8,4.8,6.2,3.6,3.7,1.5,0.013,0.017
Davidson,Kentucky,2018,2018-03-15,0,-0.050,-6.22,0.88,-1.4,-1.6,0.8,-1.7,-2.0,2.3,0.040,0.041
Duke,Iona,2018,2018-03-15,1,0.182,23.68,-1.19,-1.0,-1.7,-2.2,-2.3,-2.4,0.3,-0.018,-0.025
Duke,Rhode Island,2018,2018-03-17,1,0.007,12.62,-1.21,4.6,3.8,3.3,1.4,1.4,0.9,-0.005,0.004
Duke,Syracuse,2018,2018-03-23,1,0.170,11.54,-0.64,11.8,6.8,3.7,3.5,3.9,0.3,0.029,0.028
Duke,Kansas,2018,2018-03-25,0,-0.006,3.04,-0.69,0.3,1.8,1.2,-0.2,-0.4,-0.1,-0.017,-0.021
Florida,St. Bonaventure,2018,2018-03-15,1,-0.163,7.79,-0.31,-1.4,-0.6,-1.1,0.1,-0.4,1.1,-0.015,0.007
Florida,Texas Tech,2018,2018-03-17,0,-0.102,-2.72,-0.34,2.8,3.6,3.7,2.7,2.8,1.8,0.001,0.020
Florida State,Missouri,2018,2018-03-16,1,0.020,1.97,-0.48,6.2,5.0,4.2,2.6,3.3,-0.9,0.002,-0.003
Florida State,Xavier,2018,2018-03-18,1,-0.203,-3.28,-0.48,-3.0,2.4,-0.5,-0.8,0.0,-1.6,-0.026,-0.001
Florida State,Gonzaga,2018,2018-03-22,1,-0.237,-2.66,-0.17,1.0,5.8,4.5,3.5,3.9,-1.7,-0.008,-0.007
Florida State,Michigan,2018,2018-03-24,0,-0.149,-3.25,0.00,8.1,7.2,7.3,6.2,5.9,-2.5,0.004,0.010
Georgia State,Cincinnati,2018,2018-03-16,0,-0.176,-17.03,0.17,5.1,6.2,6.4,6.1,5.8,-0.1,0.032,0.032
Gonzaga,North Carolina Greensboro,2018,2018-03-15,1,0.088,13.90,-0.52,7.8,7.3,5.3,2.3,3.3,2.6,0.017,0.025
Gonzaga,Ohio State,2018,2018-03-17,1,0.132,0.77,-0.23,3.7,4.2,1.7,0.7,0.6,0.1,0.005,0.007
Gonzaga,Florida State,2018,2018-03-22,0,0.237,2.66,0.17,-1.0,-0.2,-1.2,-2.4,-2.3,1.7,0.008,0.007
Houston,San Diego State,2018,2018-03-15,1,0.100,3.76,0.05,-1.7,1.5,-0.9,-1.5,-1.7,0.2,-0.002,0.023
Houston,Michigan,2018,2018-03-17,0,-0.006,-3.04,0.66,2.4,3.6,3.0,1.8,0.8,-1.5,-0.003,0.013
Iona,Duke,2018,2018-03-15,0,-0.182,-23.68,1.19,1.0,3.9,4.2,4.0,3.7,-0.3,0.018,0.025
Kansas,Pennsylvania,2018,2018-03-15,1,0.044,19.15,-0.39,4.3,1.3,4.9,2.1,2.1,-0.2,0.027,0.045
Kansas,Seton Hall,2018,2018-03-17,1,0.138,5.72,0.00,0.0,-0.1,0.8,-0.7,-0.6,0.4,0.009,0.016
Kansas,Clemson,2018,2018-03-23,1,0.075,4.23,-0.17,6.8,4.1,5.6,3.4,3.3,-0.4,0.022,0.008
Kansas,Duke,2018,2018-03-25,1,0.006,-3.04,0.69,-0.3,2.5,2.2,1.6,1.9,0.1,0.017,0.021
Kansas,Villanova,2018,2018-03-31,0,-0.088,-5.25,-0.17,-1.8,2.3,2.5,1.7,1.6,-0.5,-0.015,0.008
Kansas State,Creighton,2018,2018-03-16,1,0.010,-3.50,-0.43,-9.8,-5.8,-3.6,-2.6,-3.6,-1.5,-0.013,-0.017
Kansas State,Maryland Baltimore County,2018,2018-03-18,1,-0.039,14.87,-0.35,-1.8,-3.3,-0.2,-0.1,-0.6,0.5,0.005,-0.030
Kansas State,Kentucky,2018,2018-03-22,1,-0.039,-4.39,0.57,-4.5,-3.0,-1.1,-0.5,-1.9,-0.5,0.017,0.007
Kansas State,Loyola (IL),2018,2018-03-24,0,-0.182,2.48,-0.41,2.0,2.3,3.3,2.9,2.2,-0.4,-0.005,-0.024
Kentucky,Davidson,2018,2018-03-15,1,0.050,6.22,-0.88,1.4,4.7,1.5,1.6,2.3,-2.3,-0.040,-0.041
Kentucky,Buffalo,2018,2018-03-17,1,-0.059,9.25,-0.74,-6.9,-1.9,-2.2,-3.1,-2.5,0.7,-0.022,-0.020
Kentucky,Kansas State,2018,2018-03-22,0,0.039,4.39,-0.57,4.5,4.0,2.0,1.6,2.8,0.5,-0.017,-0.007
Lipscomb,North Carolina,2018,2018-03-16,0,0.004,-22.17,0.23,2.5,5.1,2.8,2.4,1.4,-3.4,0.014,-0.035
Loyola (IL),Miami (FL),2018,2018-03-15,1,0.139,-2.46,0.27,-3.8,-3.6,-1.5,-2.4,-3.2,-0.4,0.016,0.014
Loyola (IL),Tennessee,2018,2018-03-17,1,0.091,-7.83,0.54,-2.7,-2.5,0.8,-1.2,-2.0,0.4,0.022,0.011
Loyola (IL),Nevada,2018,2018-03-22,1,0.054,-4.07,-0.33,-10.8,-7.3,-4.0,-4.3,-5.5,-1.4,-0.003,0.005
Loyola (IL),Kansas State,2018,2018-03-24,1,0.182,-2.48,0.41,-2.0,-3.1,-0.6,-1.8,-2.3,0.4,0.005,0.024
Loyola (IL),Michigan,2018,2018-03-31,0,0.054,-8.66,0.54,-1.3,-0.7,2.5,0.7,-0.7,-1.5,0.015,0.017
Marshall,Wichita State,2018,2018-03-16,1,-0.075,-12.37,-0.35,4.3,6.4,6.9,4.2,5.0,-2.2,-0.005,-0.016
Marshall,West Virginia,2018,2018-03-18,0,0.000,-15.68,-0.02,6.6,5.5,7.1,5.5,5.7,0.2,0.009,-0.010
Maryland Baltimore County,Virginia,2018,2018-03-16,1,-0.234,-24.22,0.15,10.3,9.2,10.3,9.1,7.2,-2.9,0.026,0.019
Maryland Baltimore County,Kansas State,2018,2018-03-18,0,0.039,-14.87,0.35,1.8,1.1,2.2,1.7,0.7,-0.5,-0.005,0.030
Miami (FL),Loyola (IL),2018,2018-03-15,0,-0.139,2.46,-0.27,3.8,4.8,3.5,2.7,3.2,0.4,-0.016,-0.014
Michigan,Montana,2018,2018-03-15,1,0.006,12.74,-0.02,-4.4,-2.2,-0.5,-1.9,-3.0,2.9,-0.005,-0.006
Michigan,Houston,2018,2018-03-17,1,0.006,3.04,-0.66,-2.4,-0.3,0.8,-0.1,-0.6,1.5,0.003,-0.013
Michigan,Texas A&M,2018,2018-03-22,1,0.169,3.73,-0.14,-5.6,-4.6,-4.6,-3.8,-5.5,-0.6,0.017,0.027
Michigan,Florida State,2018,2018-03-24,1,0.149,3.25,0.00,-8.1,-5.7,-3.8,-4.5,-4.8,2.5,-0.004,-0.010
Michigan,Loyola (IL),2018,2018-03-31,1,-0.054,8.66,-0.54,1.3,1.8,1.7,0.3,0.3,1.5,-0.015,-0.017
Michigan,Villanova,2018,2018-04-02,0,-0.088,-7.61,-0.44,-10.0,-3.2,-3.0,-2.7,-3.2,0.7,-0.034,-0.017
Michigan State,Bucknell,2018,2018-03-16,1,0.143,17.92,0.14,-4.5,-1.3,-0.9,-5.3,-2.1,0.9,-0.010,0.029
Michigan State,Syracuse,2018,2018-03-18,0,0.261,9.52,0.21,7.4,4.4,2.1,-0.5,2.6,1.0,0.026,0.051
Missouri,Florida State,2018,2018-03-16,0,-0.020,-1.97,0.48,-6.2,-1.4,-1.9,-2.7,-1.8,0.9,-0.002,0.003
Montana,Michigan,2018,2018-03-15,0,-0.006,-12.74,0.02,4.4,4.6,3.9,4.4,2.8,-2.9,0.005,0.006
Murray State,West Virginia,2018,2018-03-16,0,0.133,-13.02,-0.08,-2.4,-0.3,-0.6,-1.1,-2.1,1.7,0.004,-0.025
Nevada,Texas,2018,2018-03-16,1,0.218,0.48,0.77,7.4,2.1,4.1,2.6,2.7,0.9,0.035,0.029
Nevada,Cincinnati,2018,2018-03-18,1,-0.088,-5.81,0.80,12.0,10.0,10.9,8.4,8.4,1.6,0.050,0.024
Nevada,Loyola (IL),2018,2018-03-22,0,-0.054,4.07,0.33,10.8,7.8,7.6,5.1,5.7,1.4,0.003,-0.005
New Mexico State,Clemson,2018,2018-03-16,0,0.130,-8.10,0.19,0.1,3.0,0.4,-0.9,-1.2,-1.3,-0.018,-0.037
North Carolina,Lipscomb,2018,2018-03-16,1,-0.004,22.17,-0.23,-2.5,1.3,0.1,-2.9,-2.4,3.4,-0.014,0.035
North Carolina,Texas A&M,2018,2018-03-18,0,0.089,4.77,0.11,3.4,5.0,2.4,0.9,0.0,-1.4,0.018,0.054
North Carolina Greensboro,Gonzaga,2018,2018-03-15,0,-0.088,-13.90,0.52,-7.8,0.4,-1.2,-1.4,-2.1,-2.6,-0.017,-0.025
North Carolina State,Seton Hall,2018,2018-03-15,0,0.000,-2.76,0.25,1.5,1.5,2.1,1.3,0.8,-0.8,0.008,-0.008
Ohio State,South Dakota State,2018,2018-03-15,1,-0.074,10.83,-0.45,-7.5,-2.8,-1.9,-2.8,-2.7,-1.7,-0.011,-0.016
Ohio State,Gonzaga,2018,2018-03-17,0,-0.132,-0.77,0.23,-3.7,2.6,1.8,0.4,0.5,-0.1,-0.005,-0.007
Oklahoma,Rhode Island,2018,2018-03-15,0,-0.201,2.00,-0.66,10.9,8.5,8.1,7.0,7.3,0.0,0.007,0.019
Pennsylvania,Kansas,2018,2018-03-15,0,-0.044,-19.15,0.39,-4.3,-0.4,-0.2,-1.3,-1.9,0.2,-0.027,-0.045
Providence,Texas A&M,2018,2018-03-16,0,-0.007,-4.18,0.18,-0.8,1.3,-0.1,1.1,-0.4,-2.4,0.017,0.012
Purdue,Cal State Fullerton,2018,2018-03-16,1,0.178,24.34,0.77,1.8,-1.6,-0.4,-2.2,-1.6,2.1,0.012,0.036
Purdue,Butler,2018,2018-03-18,1,0.217,6.49,0.75,-2.7,-2.2,-1.6,-3.1,-2.7,1.1,-0.012,0.011
Purdue,Texas Tech,2018,2018-03-23,0,0.096,4.03,0.26,3.4,1.8,3.5,0.3,1.1,2.2,0.020,0.035
Radford,Villanova,2018,2018-03-15,0,-0.225,-29.26,0.00,-12.3,-1.7,-3.2,-1.9,-2.5,-0.9,-0.038,-0.010
Rhode Island,Oklahoma,2018,2018-03-15,1,0.201,-2.00,0.66,-10.9,-8.6,-6.2,-6.2,-6.9,0.0,-0.007,-0.019
Rhode Island,Duke,2018,2018-03-17,0,-0.007,-12.62,1.21,-4.6,0.3,0.0,0.4,0.1,-0.9,0.005,-0.004
San Diego State,Houston,2018,2018-03-15,0,-0.100,-3.76,-0.05,1.7,4.4,3.4,2.1,1.8,-0.2,0.002,-0.023
Seton Hall,North Carolina State,2018,2018-03-15,1,0.000,2.76,-0.25,-1.5,0.9,0.3,-0.6,-0.9,0.8,-0.008,0.008
Seton Hall,Kansas,2018,2018-03-17,0,-0.138,-5.72,0.00,0.0,2.6,2.4,1.4,1.0,-0.4,-0.009,-0.016
South Dakota State,Ohio State,2018,2018-03-15,0,0.074,-10.83,0.45,7.5,7.0,4.1,3.3,3.2,1.7,0.011,0.016
St. Bonaventure,Florida,2018,2018-03-15,0,0.163,-7.79,0.31,1.4,-0.1,2.0,2.1,1.0,-1.1,0.015,-0.007
Stephen F. Austin,Texas Tech,2018,2018-03-15,0,0.096,-16.72,0.10,4.7,3.4,3.7,3.9,1.4,-3.9,0.028,0.024
Syracuse,Texas Christian,2018,2018-03-16,1,-0.039,-3.49,-0.71,-13.6,-2.4,-8.2,-5.4,-5.3,0.0,-0.063,-0.068
Syracuse,Michigan State,2018,2018-03-18,1,-0.261,-9.52,-0.21,-7.4,3.0,-1.2,0.0,0.9,-1.0,-0.026,-0.051
Syracuse,Duke,2018,2018-03-23,0,-0.170,-11.54,0.64,-11.8,-0.8,-4.8,-2.3,-1.5,-0.3,-0.029,-0.028
Tennessee,Wright State,2018,2018-03-15,1,0.022,17.62,-0.69,1.1,1.1,1.8,0.1,0.7,1.2,0.007,0.007
Tennessee,Loyola (IL),2018,2018-03-17,0,-0.091,7.83,-0.54,2.7,4.4,3.6,1.4,2.3,-0.4,-0.022,-0.011
Texas,Nevada,2018,2018-03-16,0,-0.218,-0.48,-0.77,-7.4,-2.5,-2.9,-1.4,-1.1,-0.9,-0.035,-0.029
Texas A&M,Providence,2018,2018-03-16,1,0.007,4.18,-0.18,0.8,3.0,-1.0,-0.1,-0.7,2.4,-0.017,-0.012
Texas A&M,North Carolina,2018,2018-03-18,1,-0.089,-4.77,-0.11,-3.4,4.3,-2.2,-0.3,-1.6,1.4,-0.018,-0.054
Texas A&M,Michigan,2018,2018-03-22,0,-0.169,-3.73,0.14,5.6,9.3,5.1,5.7,4.3,0.6,-0.017,-0.027
Texas Christian,Syracuse,2018,2018-03-16,0,0.039,3.49,0.71,13.6,7.3,7.1,6.0,6.1,0.0,0.063,0.068
Texas Southern,Xavier,2018,2018-03-16,0,-0.391,-26.59,0.26,-1.2,4.8,1.4,1.9,2.6,-0.2,-0.024,0.010
Texas Tech,Stephen F. Austin,2018,2018-03-15,1,-0.096,16.72,-0.10,-4.7,0.2,-1.0,-1.9,-1.4,3.9,-0.028,-0.024
Texas Tech,Florida,2018,2018-03-17,1,0.102,2.72,0.34,-2.8,-2.9,-0.9,-0.9,-1.6,-1.8,-0.001,-0.020
Texas Tech,Purdue,2018,2018-03-23,1,-0.096,-4.03,-0.26,-3.4,1.3,0.7,0.5,0.4,-2.2,-0.020,-0.035
Texas Tech,Villanova,2018,2018-03-25,0,-0.155,-7.26,0.07,-8.7,-1.1,-2.2,-1.6,-1.9,-1.9,-0.039,-0.018
Villanova,Radford,2018,2018-03-15,1,0.225,29.26,0.00,12.3,4.8,5.1,3.2,3.1,0.9,0.038,0.010
Villanova,Alabama,2018,2018-03-17,1,0.324,14.30,0.57,7.0,0.0,2.1,-0.2,0.0,2.0,0.038,0.032
Villanova,West Virginia,2018,2018-03-23,1,0.176,6.75,0.08,3.6,1.1,2.3,0.8,0.4,2.2,0.027,-0.008
Villanova,Texas Tech,2018,2018-03-25,1,0.155,7.26,-0.07,8.7,4.5,5.8,3.0,2.9,1.9,0.039,0.018
Villanova,Kansas,2018,2018-03-31,1,0.088,5.25,0.17,1.8,-0.5,0.9,-0.4,-0.6,0.5,0.015,-0.008
Villanova,Michigan,2018,2018-04-02,1,0.088,7.61,0.44,10.0,4.9,6.7,4.6,4.0,-0.7,0.034,0.017
Virginia,Maryland Baltimore County,2018,2018-03-16,0,0.234,24.22,-0.15,-10.3,-9.0,-6.9,-7.2,-6.8,2.9,-0.026,-0.019
Virginia Tech,Alabama,2018,2018-03-15,0,0.097,2.01,0.65,4.6,-0.6,3.1,0.4,0.1,1.2,0.035,0.041
West Virginia,Murray State,2018,2018-03-16,1,-0.133,13.02,0.08,2.4,5.0,4.3,3.0,2.7,-1.7,-0.004,0.025
West Virginia,Marshall,2018,2018-03-18,1,0.000,15.68,0.02,-6.6,-6.2,-4.7,-4.0,-3.5,-0.2,-0.009,0.010
West Virginia,Villanova,2018,2018-03-23,0,-0.176,-6.75,-0.08,-3.6,2.3,0.6,1.3,1.0,-2.2,-0.027,0.008
Wichita State,Marshall,2018,2018-03-16,0,0.075,12.37,0.35,-4.3,-3.9,-2.0,-4.7,-3.2,2.2,0.005,0.016
Wright State,Tennessee,2018,2018-03-15,0,-0.022,-17.62,0.69,-1.1,1.2,1.2,0.6,-0.4,-1.2,-0.007,-0.007
Xavier,Texas Southern,2018,2018-03-16,1,0.391,26.59,-0.26,1.2,-2.4,-2.0,-2.1,-2.8,0.2,0.024,-0.010
Xavier,Florida State,2018,2018-03-18,0,0.203,3.28,0.48,3.0,2.5,3.0,1.0,0.9,1.6,0.026,0.001